transaction_id,transaction_date,value_date,amount,currency,description,reference,account_id,transaction_type,normalized_reference,normalized_amount,normalized_transaction_date,normalized_description
TXN0001,2026-04-18,2026-04-18,194659.82,INR,NEFT CR-GW-188297-Stripe SETTLEMENT-CUST0322,CMS/GW-188297/STRIPE/CUST0322,BANK001,CREDIT,GW-188297,194659.82,2026-04-18,NEFT CR-GW-188297-STRIPE SETTLEMENT-CUST0322
TXN0002,2026-03-01,2026-03-02,16452.59,INR,NEFT CR-GW-189691-Razorpay SETTLEMENT-CUST0274,CMS/GW-189691/RAZORPAY/CUST0274,BANK002,CREDIT,GW-189691,16452.59,2026-03-01,NEFT CR-GW-189691-RAZORPAY SETTLEMENT-CUST0274
TXN0003,2026-06-02,2026-06-03,41110.22,INR,NEFT CR-GW-297863-Cashfree SETTLEMENT-CUST0022,CMS/GW-297863/CASHFREE/CUST0022,BANK002,CREDIT,GW-297863,41110.22,2026-06-02,NEFT CR-GW-297863-CASHFREE SETTLEMENT-CUST0022
TXN0004,2026-01-21,2026-01-22,38215.48,INR,NEFT CR-GW-103613-Stripe SETTLEMENT-CUST0043,CMS/GW-103613/STRIPE/CUST0043,BANK003,CREDIT,GW-103613,38215.48,2026-01-21,NEFT CR-GW-103613-STRIPE SETTLEMENT-CUST0043
TXN0005,2026-06-06,2026-06-07,1616.7,INR,NEFT CR-GW-746923-PayU SETTLEMENT-CUST0079,CMS/GW-746923/PAYU/CUST0079,BANK002,CREDIT,GW-746923,1616.7,2026-06-06,NEFT CR-GW-746923-PAYU SETTLEMENT-CUST0079
TXN0006,2026-05-23,2026-05-24,69840.43,INR,NEFT CR-GW-916889-Razorpay SETTLEMENT-CUST0062,CMS/GW-916889/RAZORPAY/CUST0062,BANK003,CREDIT,GW-916889,69840.43,2026-05-23,NEFT CR-GW-916889-RAZORPAY SETTLEMENT-CUST0062
TXN0007,2026-02-16,2026-02-16,187773.26,INR,NEFT CR-GW-285328-PayU SETTLEMENT-CUST0116,CMS/GW-285328/PAYU/CUST0116,BANK002,CREDIT,GW-285328,187773.26,2026-02-16,NEFT CR-GW-285328-PAYU SETTLEMENT-CUST0116
TXN0008,2026-06-03,2026-06-04,168333.25,INR,NEFT CR-GW-976238-PayU SETTLEMENT-CUST0210,CMS/GW-976238/PAYU/CUST0210,BANK002,CREDIT,GW-976238,168333.25,2026-06-03,NEFT CR-GW-976238-PAYU SETTLEMENT-CUST0210
TXN0009,2026-05-23,2026-05-24,32890.57,INR,NEFT CR-GW-763949-Cashfree SETTLEMENT-CUST0075,CMS/GW-763949/CASHFREE/CUST0075,BANK002,CREDIT,GW-763949,32890.57,2026-05-23,NEFT CR-GW-763949-CASHFREE SETTLEMENT-CUST0075
TXN0010,2026-06-26,2026-06-26,10973.57,INR,NEFT CR-GW-779713-PayU SETTLEMENT-CUST0049,CMS/GW-779713/PAYU/CUST0049,BANK002,CREDIT,GW-779713,10973.57,2026-06-26,NEFT CR-GW-779713-PAYU SETTLEMENT-CUST0049
TXN0011,2026-07-02,2026-07-02,179950.63,INR,NEFT CR-GW-112324-PayU SETTLEMENT-CUST0287,CMS/GW-112324/PAYU/CUST0287,BANK002,CREDIT,GW-112324,179950.63,2026-07-02,NEFT CR-GW-112324-PAYU SETTLEMENT-CUST0287
TXN0012,2026-02-27,2026-02-27,17456.51,INR,NEFT CR-GW-200236-Razorpay SETTLEMENT-CUST0010,CMS/GW-200236/RAZORPAY/CUST0010,BANK001,CREDIT,GW-200236,17456.51,2026-02-27,NEFT CR-GW-200236-RAZORPAY SETTLEMENT-CUST0010
TXN0013,2026-06-23,2026-06-23,6685.64,INR,NEFT CR-GW-384032-Razorpay SETTLEMENT-CUST0311,CMS/GW-384032/RAZORPAY/CUST0311,BANK003,CREDIT,GW-384032,6685.64,2026-06-23,NEFT CR-GW-384032-RAZORPAY SETTLEMENT-CUST0311
TXN0014,2026-04-03,2026-04-04,39044.23,INR,NEFT CR-GW-239706-Cashfree SETTLEMENT-CUST0340,CMS/GW-239706/CASHFREE/CUST0340,BANK001,CREDIT,GW-239706,39044.23,2026-04-03,NEFT CR-GW-239706-CASHFREE SETTLEMENT-CUST0340
TXN0015,2026-03-14,2026-03-15,86502.52,INR,NEFT CR-GW-606039-PayU SETTLEMENT-CUST0189,CMS/GW-606039/PAYU/CUST0189,BANK003,CREDIT,GW-606039,86502.52,2026-03-14,NEFT CR-GW-606039-PAYU SETTLEMENT-CUST0189
TXN0016,2026-04-08,2026-04-09,171118.82,INR,NEFT CR-GW-738955-Razorpay SETTLEMENT-CUST0174,CMS/GW-738955/RAZORPAY/CUST0174,BANK001,CREDIT,GW-738955,171118.82,2026-04-08,NEFT CR-GW-738955-RAZORPAY SETTLEMENT-CUST0174
TXN0017,2026-05-12,2026-05-12,173094.18,INR,NEFT CR-GW-481415-PayU SETTLEMENT-CUST0220,CMS/GW-481415/PAYU/CUST0220,BANK003,CREDIT,GW-481415,173094.18,2026-05-12,NEFT CR-GW-481415-PAYU SETTLEMENT-CUST0220
TXN0018,2026-07-06,2026-07-07,3779.34,INR,NEFT CR-GW-393986-Razorpay SETTLEMENT-CUST0283,CMS/GW-393986/RAZORPAY/CUST0283,BANK001,CREDIT,GW-393986,3779.34,2026-07-06,NEFT CR-GW-393986-RAZORPAY SETTLEMENT-CUST0283
TXN0019,2026-05-26,2026-05-27,15581.54,INR,NEFT CR-GW-297042-PayU SETTLEMENT-CUST0061,CMS/GW-297042/PAYU/CUST0061,BANK003,CREDIT,GW-297042,15581.54,2026-05-26,NEFT CR-GW-297042-PAYU SETTLEMENT-CUST0061
TXN0020,2026-04-16,2026-04-16,4550.59,INR,NEFT CR-GW-714475-PayU SETTLEMENT-CUST0383,CMS/GW-714475/PAYU/CUST0383,BANK001,CREDIT,GW-714475,4550.59,2026-04-16,NEFT CR-GW-714475-PAYU SETTLEMENT-CUST0383
TXN0021,2026-07-12,2026-07-13,159394.71,INR,NEFT CR-GW-266213-PayU SETTLEMENT-CUST0217,CMS/GW-266213/PAYU/CUST0217,BANK002,CREDIT,GW-266213,159394.71,2026-07-12,NEFT CR-GW-266213-PAYU SETTLEMENT-CUST0217
TXN0022,2026-04-23,2026-04-23,3229.74,INR,NEFT CR-GW-849528-PayU SETTLEMENT-CUST0323,CMS/GW-849528/PAYU/CUST0323,BANK003,CREDIT,GW-849528,3229.74,2026-04-23,NEFT CR-GW-849528-PAYU SETTLEMENT-CUST0323
TXN0023,2026-02-20,2026-02-21,60650.6,INR,NEFT CR-GW-517649-PayU SETTLEMENT-CUST0222,CMS/GW-517649/PAYU/CUST0222,BANK002,CREDIT,GW-517649,60650.6,2026-02-20,NEFT CR-GW-517649-PAYU SETTLEMENT-CUST0222
TXN0024,2026-02-10,2026-02-11,4069.99,INR,NEFT CR-GW-891576-PayU SETTLEMENT-CUST0250,CMS/GW-891576/PAYU/CUST0250,BANK002,CREDIT,GW-891576,4069.99,2026-02-10,NEFT CR-GW-891576-PAYU SETTLEMENT-CUST0250
TXN0025,2026-05-15,2026-05-16,4758.83,INR,NEFT CR-GW-691793-Cashfree SETTLEMENT-CUST0280,CMS/GW-691793/CASHFREE/CUST0280,BANK003,CREDIT,GW-691793,4758.83,2026-05-15,NEFT CR-GW-691793-CASHFREE SETTLEMENT-CUST0280
TXN0026,2026-02-09,2026-02-09,30052.23,INR,NEFT CR-GW-885310-Razorpay SETTLEMENT-CUST0012,CMS/GW-885310/RAZORPAY/CUST0012,BANK003,CREDIT,GW-885310,30052.23,2026-02-09,NEFT CR-GW-885310-RAZORPAY SETTLEMENT-CUST0012
TXN0027,2026-03-25,2026-03-25,19339.28,INR,NEFT CR-GW-539214-PayU SETTLEMENT-CUST0079,CMS/GW-539214/PAYU/CUST0079,BANK001,CREDIT,GW-539214,19339.28,2026-03-25,NEFT CR-GW-539214-PAYU SETTLEMENT-CUST0079
TXN0028,2026-02-07,2026-02-07,12632.38,INR,NEFT CR-GW-655260-Razorpay SETTLEMENT-CUST0394,CMS/GW-655260/RAZORPAY/CUST0394,BANK002,CREDIT,GW-655260,12632.38,2026-02-07,NEFT CR-GW-655260-RAZORPAY SETTLEMENT-CUST0394
TXN0029,2026-04-26,2026-04-26,3111.55,INR,NEFT CR-GW-944984-PayU SETTLEMENT-CUST0393,CMS/GW-944984/PAYU/CUST0393,BANK002,CREDIT,GW-944984,3111.55,2026-04-26,NEFT CR-GW-944984-PAYU SETTLEMENT-CUST0393
TXN0030,2026-05-07,2026-05-08,4123.39,INR,NEFT CR-GW-650210-Stripe SETTLEMENT-CUST0414,CMS/GW-650210/STRIPE/CUST0414,BANK001,CREDIT,GW-650210,4123.39,2026-05-07,NEFT CR-GW-650210-STRIPE SETTLEMENT-CUST0414
TXN0031,2026-07-04,2026-07-04,4113.83,INR,NEFT CR-GW-981743-Cashfree SETTLEMENT-CUST0112,CMS/GW-981743/CASHFREE/CUST0112,BANK001,CREDIT,GW-981743,4113.83,2026-07-04,NEFT CR-GW-981743-CASHFREE SETTLEMENT-CUST0112
TXN0032,2026-06-16,2026-06-16,58976.08,INR,NEFT CR-GW-674046-Stripe SETTLEMENT-CUST0087,CMS/GW-674046/STRIPE/CUST0087,BANK001,CREDIT,GW-674046,58976.08,2026-06-16,NEFT CR-GW-674046-STRIPE SETTLEMENT-CUST0087
TXN0033,2026-06-21,2026-06-21,146705.82,INR,NEFT CR-GW-279907-Stripe SETTLEMENT-CUST0275,CMS/GW-279907/STRIPE/CUST0275,BANK002,CREDIT,GW-279907,146705.82,2026-06-21,NEFT CR-GW-279907-STRIPE SETTLEMENT-CUST0275
TXN0034,2026-06-19,2026-06-20,6848.31,INR,NEFT CR-GW-962732-Stripe SETTLEMENT-CUST0143,CMS/GW-962732/STRIPE/CUST0143,BANK002,CREDIT,GW-962732,6848.31,2026-06-19,NEFT CR-GW-962732-STRIPE SETTLEMENT-CUST0143
TXN0035,2026-02-04,2026-02-04,139762.26,INR,NEFT CR-GW-637197-PayU SETTLEMENT-CUST0282,CMS/GW-637197/PAYU/CUST0282,BANK001,CREDIT,GW-637197,139762.26,2026-02-04,NEFT CR-GW-637197-PAYU SETTLEMENT-CUST0282
TXN0036,2026-04-09,2026-04-09,16883.21,INR,NEFT CR-GW-129939-Razorpay SETTLEMENT-CUST0060,CMS/GW-129939/RAZORPAY/CUST0060,BANK003,CREDIT,GW-129939,16883.21,2026-04-09,NEFT CR-GW-129939-RAZORPAY SETTLEMENT-CUST0060
TXN0037,2026-02-15,2026-02-16,4795.26,INR,NEFT CR-GW-254804-PayU SETTLEMENT-CUST0242,CMS/GW-254804/PAYU/CUST0242,BANK001,CREDIT,GW-254804,4795.26,2026-02-15,NEFT CR-GW-254804-PAYU SETTLEMENT-CUST0242
TXN0038,2026-06-12,2026-06-13,179833.65,INR,NEFT CR-GW-387007-Cashfree SETTLEMENT-CUST0196,CMS/GW-387007/CASHFREE/CUST0196,BANK002,CREDIT,GW-387007,179833.65,2026-06-12,NEFT CR-GW-387007-CASHFREE SETTLEMENT-CUST0196
TXN0039,2026-06-10,2026-06-10,2612.75,INR,NEFT CR-GW-833011-Stripe SETTLEMENT-CUST0379,CMS/GW-833011/STRIPE/CUST0379,BANK001,CREDIT,GW-833011,2612.75,2026-06-10,NEFT CR-GW-833011-STRIPE SETTLEMENT-CUST0379
TXN0040,2026-04-26,2026-04-27,60449.68,INR,NEFT CR-GW-827299-Cashfree SETTLEMENT-CUST0410,CMS/GW-827299/CASHFREE/CUST0410,BANK001,CREDIT,GW-827299,60449.68,2026-04-26,NEFT CR-GW-827299-CASHFREE SETTLEMENT-CUST0410
TXN0041,2026-07-30,2026-07-31,21495.63,INR,NEFT CR-GW-767277-Cashfree SETTLEMENT-CUST0261,CMS/GW-767277/CASHFREE/CUST0261,BANK003,CREDIT,GW-767277,21495.63,2026-07-30,NEFT CR-GW-767277-CASHFREE SETTLEMENT-CUST0261
TXN0042,2026-06-05,2026-06-05,79121.27,INR,NEFT CR-GW-972078-PayU SETTLEMENT-CUST0264,CMS/GW-972078/PAYU/CUST0264,BANK002,CREDIT,GW-972078,79121.27,2026-06-05,NEFT CR-GW-972078-PAYU SETTLEMENT-CUST0264
TXN0043,2026-04-22,2026-04-22,176041.58,INR,NEFT CR-GW-212187-Razorpay SETTLEMENT-CUST0270,CMS/GW-212187/RAZORPAY/CUST0270,BANK003,CREDIT,GW-212187,176041.58,2026-04-22,NEFT CR-GW-212187-RAZORPAY SETTLEMENT-CUST0270
TXN0044,2026-05-02,2026-05-03,2459.51,INR,NEFT CR-GW-516855-Stripe SETTLEMENT-CUST0202,CMS/GW-516855/STRIPE/CUST0202,BANK002,CREDIT,GW-516855,2459.51,2026-05-02,NEFT CR-GW-516855-STRIPE SETTLEMENT-CUST0202
TXN0045,2026-03-27,2026-03-28,6934.26,INR,NEFT CR-GW-204379-Cashfree SETTLEMENT-CUST0121,CMS/GW-204379/CASHFREE/CUST0121,BANK003,CREDIT,GW-204379,6934.26,2026-03-27,NEFT CR-GW-204379-CASHFREE SETTLEMENT-CUST0121
TXN0046,2026-02-05,2026-02-05,2058.94,INR,NEFT CR-GW-890193-Cashfree SETTLEMENT-CUST0093,CMS/GW-890193/CASHFREE/CUST0093,BANK002,CREDIT,GW-890193,2058.94,2026-02-05,NEFT CR-GW-890193-CASHFREE SETTLEMENT-CUST0093
TXN0047,2026-01-20,2026-01-20,2740.43,INR,NEFT CR-GW-548947-Stripe SETTLEMENT-CUST0449,CMS/GW-548947/STRIPE/CUST0449,BANK001,CREDIT,GW-548947,2740.43,2026-01-20,NEFT CR-GW-548947-STRIPE SETTLEMENT-CUST0449
TXN0048,2026-02-14,2026-02-15,110975.23,INR,NEFT CR-GW-482619-Stripe SETTLEMENT-CUST0180,CMS/GW-482619/STRIPE/CUST0180,BANK002,CREDIT,GW-482619,110975.23,2026-02-14,NEFT CR-GW-482619-STRIPE SETTLEMENT-CUST0180
TXN0049,2026-06-11,2026-06-12,101753.71,INR,NEFT CR-GW-682503-Razorpay SETTLEMENT-CUST0440,CMS/GW-682503/RAZORPAY/CUST0440,BANK003,CREDIT,GW-682503,101753.71,2026-06-11,NEFT CR-GW-682503-RAZORPAY SETTLEMENT-CUST0440
TXN0050,2026-03-10,2026-03-10,57481.25,INR,NEFT CR-GW-215681-PayU SETTLEMENT-CUST0437,CMS/GW-215681/PAYU/CUST0437,BANK003,CREDIT,GW-215681,57481.25,2026-03-10,NEFT CR-GW-215681-PAYU SETTLEMENT-CUST0437
TXN0051,2026-06-18,2026-06-19,135412.14,INR,NEFT CR-GW-490729-Razorpay SETTLEMENT-CUST0163,CMS/GW-490729/RAZORPAY/CUST0163,BANK002,CREDIT,GW-490729,135412.14,2026-06-18,NEFT CR-GW-490729-RAZORPAY SETTLEMENT-CUST0163
TXN0052,2026-04-05,2026-04-05,81202.44,INR,NEFT CR-GW-732490-Razorpay SETTLEMENT-CUST0008,CMS/GW-732490/RAZORPAY/CUST0008,BANK002,CREDIT,GW-732490,81202.44,2026-04-05,NEFT CR-GW-732490-RAZORPAY SETTLEMENT-CUST0008
TXN0053,2026-03-08,2026-03-09,22295.29,INR,NEFT CR-GW-339996-Razorpay SETTLEMENT-CUST0222,CMS/GW-339996/RAZORPAY/CUST0222,BANK001,CREDIT,GW-339996,22295.29,2026-03-08,NEFT CR-GW-339996-RAZORPAY SETTLEMENT-CUST0222
TXN0054,2026-06-17,2026-06-18,92971.23,INR,NEFT CR-GW-828496-Razorpay SETTLEMENT-CUST0347,CMS/GW-828496/RAZORPAY/CUST0347,BANK001,CREDIT,GW-828496,92971.23,2026-06-17,NEFT CR-GW-828496-RAZORPAY SETTLEMENT-CUST0347
TXN0055,2026-05-30,2026-05-30,190671.09,INR,NEFT CR-GW-534795-Razorpay SETTLEMENT-CUST0226,CMS/GW-534795/RAZORPAY/CUST0226,BANK003,CREDIT,GW-534795,190671.09,2026-05-30,NEFT CR-GW-534795-RAZORPAY SETTLEMENT-CUST0226
TXN0056,2026-01-18,2026-01-19,13251.73,INR,NEFT CR-GW-916072-PayU SETTLEMENT-CUST0025,CMS/GW-916072/PAYU/CUST0025,BANK002,CREDIT,GW-916072,13251.73,2026-01-18,NEFT CR-GW-916072-PAYU SETTLEMENT-CUST0025
TXN0057,2026-04-29,2026-04-29,33757.57,INR,NEFT CR-GW-302713-Razorpay SETTLEMENT-CUST0494,CMS/GW-302713/RAZORPAY/CUST0494,BANK002,CREDIT,GW-302713,33757.57,2026-04-29,NEFT CR-GW-302713-RAZORPAY SETTLEMENT-CUST0494
TXN0058,2026-01-23,2026-01-23,40204.74,INR,NEFT CR-GW-418384-Razorpay SETTLEMENT-CUST0496,CMS/GW-418384/RAZORPAY/CUST0496,BANK003,CREDIT,GW-418384,40204.74,2026-01-23,NEFT CR-GW-418384-RAZORPAY SETTLEMENT-CUST0496
TXN0059,2026-02-07,2026-02-08,126841.45,INR,NEFT CR-GW-296780-Stripe SETTLEMENT-CUST0179,CMS/GW-296780/STRIPE/CUST0179,BANK003,CREDIT,GW-296780,126841.45,2026-02-07,NEFT CR-GW-296780-STRIPE SETTLEMENT-CUST0179
TXN0060,2026-02-05,2026-02-05,68899.66,INR,NEFT CR-GW-596758-PayU SETTLEMENT-CUST0305,CMS/GW-596758/PAYU/CUST0305,BANK002,CREDIT,GW-596758,68899.66,2026-02-05,NEFT CR-GW-596758-PAYU SETTLEMENT-CUST0305
TXN0061,2026-01-29,2026-01-29,129725.17,INR,NEFT CR-GW-413148-PayU SETTLEMENT-CUST0202,CMS/GW-413148/PAYU/CUST0202,BANK002,CREDIT,GW-413148,129725.17,2026-01-29,NEFT CR-GW-413148-PAYU SETTLEMENT-CUST0202
TXN0062,2026-03-22,2026-03-23,1411.56,INR,NEFT CR-GW-198335-PayU SETTLEMENT-CUST0047,CMS/GW-198335/PAYU/CUST0047,BANK003,CREDIT,GW-198335,1411.56,2026-03-22,NEFT CR-GW-198335-PAYU SETTLEMENT-CUST0047
TXN0063,2026-06-16,2026-06-17,139076.6,INR,NEFT CR-GW-165317-Cashfree SETTLEMENT-CUST0382,CMS/GW-165317/CASHFREE/CUST0382,BANK002,CREDIT,GW-165317,139076.6,2026-06-16,NEFT CR-GW-165317-CASHFREE SETTLEMENT-CUST0382
TXN0064,2026-01-28,2026-01-28,3414.54,INR,NEFT CR-GW-595360-Razorpay SETTLEMENT-CUST0276,CMS/GW-595360/RAZORPAY/CUST0276,BANK001,CREDIT,GW-595360,3414.54,2026-01-28,NEFT CR-GW-595360-RAZORPAY SETTLEMENT-CUST0276
TXN0065,2026-02-13,2026-02-14,2402.03,INR,NEFT CR-GW-875951-Razorpay SETTLEMENT-CUST0136,CMS/GW-875951/RAZORPAY/CUST0136,BANK001,CREDIT,GW-875951,2402.03,2026-02-13,NEFT CR-GW-875951-RAZORPAY SETTLEMENT-CUST0136
TXN0066,2026-06-06,2026-06-07,178538.03,INR,NEFT CR-GW-515803-Razorpay SETTLEMENT-CUST0360,CMS/GW-515803/RAZORPAY/CUST0360,BANK002,CREDIT,GW-515803,178538.03,2026-06-06,NEFT CR-GW-515803-RAZORPAY SETTLEMENT-CUST0360
TXN0067,2026-03-08,2026-03-08,19807.39,INR,NEFT CR-GW-295695-PayU SETTLEMENT-CUST0366,CMS/GW-295695/PAYU/CUST0366,BANK003,CREDIT,GW-295695,19807.39,2026-03-08,NEFT CR-GW-295695-PAYU SETTLEMENT-CUST0366
TXN0068,2026-03-06,2026-03-07,50006.63,INR,NEFT CR-GW-761440-Razorpay SETTLEMENT-CUST0397,CMS/GW-761440/RAZORPAY/CUST0397,BANK002,CREDIT,GW-761440,50006.63,2026-03-06,NEFT CR-GW-761440-RAZORPAY SETTLEMENT-CUST0397
TXN0069,2026-05-15,2026-05-16,30032.98,INR,NEFT CR-GW-646912-Razorpay SETTLEMENT-CUST0456,CMS/GW-646912/RAZORPAY/CUST0456,BANK001,CREDIT,GW-646912,30032.98,2026-05-15,NEFT CR-GW-646912-RAZORPAY SETTLEMENT-CUST0456
TXN0070,2026-06-11,2026-06-12,75070.87,INR,NEFT CR-GW-582140-PayU SETTLEMENT-CUST0136,CMS/GW-582140/PAYU/CUST0136,BANK002,CREDIT,GW-582140,75070.87,2026-06-11,NEFT CR-GW-582140-PAYU SETTLEMENT-CUST0136
TXN0071,2026-02-20,2026-02-20,4834.33,INR,NEFT CR-GW-172888-Razorpay SETTLEMENT-CUST0005,CMS/GW-172888/RAZORPAY/CUST0005,BANK003,CREDIT,GW-172888,4834.33,2026-02-20,NEFT CR-GW-172888-RAZORPAY SETTLEMENT-CUST0005
TXN0072,2026-01-06,2026-01-06,2702.94,INR,NEFT CR-GW-616686-Stripe SETTLEMENT-CUST0068,CMS/GW-616686/STRIPE/CUST0068,BANK002,CREDIT,GW-616686,2702.94,2026-01-06,NEFT CR-GW-616686-STRIPE SETTLEMENT-CUST0068
TXN0073,2026-02-26,2026-02-27,1903.02,INR,NEFT CR-GW-995013-Cashfree SETTLEMENT-CUST0017,CMS/GW-995013/CASHFREE/CUST0017,BANK002,CREDIT,GW-995013,1903.02,2026-02-26,NEFT CR-GW-995013-CASHFREE SETTLEMENT-CUST0017
TXN0074,2026-01-21,2026-01-21,38215.48,INR,NEFT CR-GW-103613-Stripe SETTLEMENT-CUST0043,CMS/GW-103613/STRIPE/CUST0043,BANK001,CREDIT,GW-103613,38215.48,2026-01-21,NEFT CR-GW-103613-STRIPE SETTLEMENT-CUST0043
TXN0075,2026-04-24,2026-04-24,14850.9,INR,NEFT CR-GW-245017-Razorpay SETTLEMENT-CUST0387,CMS/GW-245017/RAZORPAY/CUST0387,BANK001,CREDIT,GW-245017,14850.9,2026-04-24,NEFT CR-GW-245017-RAZORPAY SETTLEMENT-CUST0387
TXN0076,2026-06-09,2026-06-10,22310.14,INR,NEFT CR-GW-313679-Stripe SETTLEMENT-CUST0398,CMS/GW-313679/STRIPE/CUST0398,BANK001,CREDIT,GW-313679,22310.14,2026-06-09,NEFT CR-GW-313679-STRIPE SETTLEMENT-CUST0398
TXN0077,2026-06-27,2026-06-28,2804.91,INR,NEFT CR-GW-124276-Cashfree SETTLEMENT-CUST0250,CMS/GW-124276/CASHFREE/CUST0250,BANK002,CREDIT,GW-124276,2804.91,2026-06-27,NEFT CR-GW-124276-CASHFREE SETTLEMENT-CUST0250
TXN0078,2026-05-01,2026-05-02,4017.37,INR,NEFT CR-GW-439293-Stripe SETTLEMENT-CUST0462,CMS/GW-439293/STRIPE/CUST0462,BANK002,CREDIT,GW-439293,4017.37,2026-05-01,NEFT CR-GW-439293-STRIPE SETTLEMENT-CUST0462
TXN0079,2026-01-28,2026-01-28,14103.78,INR,NEFT CR-GW-335075-PayU SETTLEMENT-CUST0281,CMS/GW-335075/PAYU/CUST0281,BANK003,CREDIT,GW-335075,14103.78,2026-01-28,NEFT CR-GW-335075-PAYU SETTLEMENT-CUST0281
TXN0080,2026-06-07,2026-06-08,64327.38,INR,NEFT CR-GW-128322-Stripe SETTLEMENT-CUST0440,CMS/GW-128322/STRIPE/CUST0440,BANK003,CREDIT,GW-128322,64327.38,2026-06-07,NEFT CR-GW-128322-STRIPE SETTLEMENT-CUST0440
TXN0081,2026-04-30,2026-05-01,62548.67,INR,NEFT CR-GW-163143-Cashfree SETTLEMENT-CUST0115,CMS/GW-163143/CASHFREE/CUST0115,BANK002,CREDIT,GW-163143,62548.67,2026-04-30,NEFT CR-GW-163143-CASHFREE SETTLEMENT-CUST0115
TXN0082,2026-03-28,2026-03-29,15719.35,INR,NEFT CR-GW-502758-Stripe SETTLEMENT-CUST0063,CMS/GW-502758/STRIPE/CUST0063,BANK002,CREDIT,GW-502758,15719.35,2026-03-28,NEFT CR-GW-502758-STRIPE SETTLEMENT-CUST0063
TXN0083,2026-07-01,2026-07-02,3393.32,INR,NEFT CR-GW-299636-Razorpay SETTLEMENT-CUST0203,CMS/GW-299636/RAZORPAY/CUST0203,BANK001,CREDIT,GW-299636,3393.32,2026-07-01,NEFT CR-GW-299636-RAZORPAY SETTLEMENT-CUST0203
TXN0084,2026-02-03,2026-02-04,62932.36,INR,NEFT CR-GW-332215-PayU SETTLEMENT-CUST0086,CMS/GW-332215/PAYU/CUST0086,BANK002,CREDIT,GW-332215,62932.36,2026-02-03,NEFT CR-GW-332215-PAYU SETTLEMENT-CUST0086
TXN0085,2026-03-29,2026-03-29,795.78,INR,NEFT CR-GW-854214-Stripe SETTLEMENT-CUST0441,CMS/GW-854214/STRIPE/CUST0441,BANK001,CREDIT,GW-854214,795.78,2026-03-29,NEFT CR-GW-854214-STRIPE SETTLEMENT-CUST0441
TXN0086,2026-03-17,2026-03-18,1559.55,INR,NEFT CR-GW-671857-Cashfree SETTLEMENT-CUST0391,CMS/GW-671857/CASHFREE/CUST0391,BANK001,CREDIT,GW-671857,1559.55,2026-03-17,NEFT CR-GW-671857-CASHFREE SETTLEMENT-CUST0391
TXN0087,2026-01-21,2026-01-22,1375.02,INR,NEFT CR-GW-471707-Razorpay SETTLEMENT-CUST0199,CMS/GW-471707/RAZORPAY/CUST0199,BANK001,CREDIT,GW-471707,1375.02,2026-01-21,NEFT CR-GW-471707-RAZORPAY SETTLEMENT-CUST0199
TXN0088,2026-05-19,2026-05-19,9812.29,INR,NEFT CR-GW-694962-Razorpay SETTLEMENT-CUST0140,CMS/GW-694962/RAZORPAY/CUST0140,BANK003,CREDIT,GW-694962,9812.29,2026-05-19,NEFT CR-GW-694962-RAZORPAY SETTLEMENT-CUST0140
TXN0089,2026-05-15,2026-05-16,65102.69,INR,NEFT CR-GW-989404-PayU SETTLEMENT-CUST0385,CMS/GW-989404/PAYU/CUST0385,BANK002,CREDIT,GW-989404,65102.69,2026-05-15,NEFT CR-GW-989404-PAYU SETTLEMENT-CUST0385
TXN0090,2026-03-24,2026-03-25,34425.9,INR,NEFT CR-GW-368393-Stripe SETTLEMENT-CUST0024,CMS/GW-368393/STRIPE/CUST0024,BANK003,CREDIT,GW-368393,34425.9,2026-03-24,NEFT CR-GW-368393-STRIPE SETTLEMENT-CUST0024
TXN0091,2026-03-21,2026-03-21,117251.06,INR,NEFT CR-GW-141422-Cashfree SETTLEMENT-CUST0362,CMS/GW-141422/CASHFREE/CUST0362,BANK002,CREDIT,GW-141422,117251.06,2026-03-21,NEFT CR-GW-141422-CASHFREE SETTLEMENT-CUST0362
TXN0092,2026-01-30,2026-01-30,123740.45,INR,NEFT CR-GW-150416-Cashfree SETTLEMENT-CUST0371,CMS/GW-150416/CASHFREE/CUST0371,BANK001,CREDIT,GW-150416,123740.45,2026-01-30,NEFT CR-GW-150416-CASHFREE SETTLEMENT-CUST0371
TXN0093,2026-05-06,2026-05-07,3207.22,INR,NEFT CR-GW-394994-Cashfree SETTLEMENT-CUST0261,CMS/GW-394994/CASHFREE/CUST0261,BANK001,CREDIT,GW-394994,3207.22,2026-05-06,NEFT CR-GW-394994-CASHFREE SETTLEMENT-CUST0261
TXN0094,2026-04-24,2026-04-25,8836.65,INR,NEFT CR-GW-348981-Cashfree SETTLEMENT-CUST0016,CMS/GW-348981/CASHFREE/CUST0016,BANK001,CREDIT,GW-348981,8836.65,2026-04-24,NEFT CR-GW-348981-CASHFREE SETTLEMENT-CUST0016
TXN0095,2026-03-25,2026-03-26,16244.75,INR,NEFT CR-GW-279225-Cashfree SETTLEMENT-CUST0210,CMS/GW-279225/CASHFREE/CUST0210,BANK001,CREDIT,GW-279225,16244.75,2026-03-25,NEFT CR-GW-279225-CASHFREE SETTLEMENT-CUST0210
TXN0096,2026-06-10,2026-06-10,142115.1,INR,NEFT CR-GW-130880-Razorpay SETTLEMENT-CUST0372,CMS/GW-130880/RAZORPAY/CUST0372,BANK001,CREDIT,GW-130880,142115.1,2026-06-10,NEFT CR-GW-130880-RAZORPAY SETTLEMENT-CUST0372
TXN0097,2026-05-11,2026-05-11,17569.24,INR,NEFT CR-GW-427666-PayU SETTLEMENT-CUST0437,CMS/GW-427666/PAYU/CUST0437,BANK003,CREDIT,GW-427666,17569.24,2026-05-11,NEFT CR-GW-427666-PAYU SETTLEMENT-CUST0437
TXN0098,2026-02-07,2026-02-07,68899.66,INR,NEFT CR-GW-596758-PayU SETTLEMENT-CUST0305,CMS/GW-596758/PAYU/CUST0305,BANK003,CREDIT,GW-596758,68899.66,2026-02-07,NEFT CR-GW-596758-PAYU SETTLEMENT-CUST0305
TXN0099,2026-04-29,2026-04-30,6693.63,INR,NEFT CR-GW-563546-PayU SETTLEMENT-CUST0243,CMS/GW-563546/PAYU/CUST0243,BANK001,CREDIT,GW-563546,6693.63,2026-04-29,NEFT CR-GW-563546-PAYU SETTLEMENT-CUST0243
TXN0100,2026-06-10,2026-06-10,95268.72,INR,NEFT CR-GW-634893-Cashfree SETTLEMENT-CUST0273,CMS/GW-634893/CASHFREE/CUST0273,BANK001,CREDIT,GW-634893,95268.72,2026-06-10,NEFT CR-GW-634893-CASHFREE SETTLEMENT-CUST0273
TXN0101,2026-05-15,2026-05-16,112773.91,INR,NEFT CR-GW-797095-PayU SETTLEMENT-CUST0113,CMS/GW-797095/PAYU/CUST0113,BANK003,CREDIT,GW-797095,112773.91,2026-05-15,NEFT CR-GW-797095-PAYU SETTLEMENT-CUST0113
TXN0102,2026-01-20,2026-01-21,11725.04,INR,NEFT CR-GW-611207-Razorpay SETTLEMENT-CUST0093,CMS/GW-611207/RAZORPAY/CUST0093,BANK002,CREDIT,GW-611207,11725.04,2026-01-20,NEFT CR-GW-611207-RAZORPAY SETTLEMENT-CUST0093
TXN0103,2026-01-09,2026-01-09,2422.4,INR,NEFT CR-GW-493009-PayU SETTLEMENT-CUST0441,CMS/GW-493009/PAYU/CUST0441,BANK002,CREDIT,GW-493009,2422.4,2026-01-09,NEFT CR-GW-493009-PAYU SETTLEMENT-CUST0441
TXN0104,2026-09-23,2026-09-23,75463.93,INR,NEFT CR-GW-220842-PayU SETTLEMENT-CUST0430,CMS/GW-220842/PAYU/CUST0430,BANK001,CREDIT,GW-220842,75463.93,2026-09-23,NEFT CR-GW-220842-PAYU SETTLEMENT-CUST0430
TXN0105,2026-03-08,2026-03-09,4098.29,INR,NEFT CR-GW-586817-Stripe SETTLEMENT-CUST0411,CMS/GW-586817/STRIPE/CUST0411,BANK001,CREDIT,GW-586817,4098.29,2026-03-08,NEFT CR-GW-586817-STRIPE SETTLEMENT-CUST0411
TXN0106,2026-01-21,2026-01-22,70744.74,INR,NEFT CR-GW-497248-PayU SETTLEMENT-CUST0037,CMS/GW-497248/PAYU/CUST0037,BANK002,CREDIT,GW-497248,70744.74,2026-01-21,NEFT CR-GW-497248-PAYU SETTLEMENT-CUST0037
TXN0107,2026-06-23,2026-06-23,17700.81,INR,NEFT CR-GW-699314-PayU SETTLEMENT-CUST0381,CMS/GW-699314/PAYU/CUST0381,BANK003,CREDIT,GW-699314,17700.81,2026-06-23,NEFT CR-GW-699314-PAYU SETTLEMENT-CUST0381
TXN0108,2026-05-10,2026-05-10,19753.16,INR,NEFT CR-GW-287614-PayU SETTLEMENT-CUST0329,CMS/GW-287614/PAYU/CUST0329,BANK003,CREDIT,GW-287614,19753.16,2026-05-10,NEFT CR-GW-287614-PAYU SETTLEMENT-CUST0329
TXN0109,2026-06-19,2026-06-19,71978.75,INR,NEFT CR-GW-381693-Stripe SETTLEMENT-CUST0196,CMS/GW-381693/STRIPE/CUST0196,BANK003,CREDIT,GW-381693,71978.75,2026-06-19,NEFT CR-GW-381693-STRIPE SETTLEMENT-CUST0196
TXN0110,2026-02-15,2026-02-16,2074.17,INR,NEFT CR-GW-889126-PayU SETTLEMENT-CUST0351,CMS/GW-889126/PAYU/CUST0351,BANK002,CREDIT,GW-889126,2074.17,2026-02-15,NEFT CR-GW-889126-PAYU SETTLEMENT-CUST0351
TXN0111,2026-05-18,2026-05-19,10234.06,INR,NEFT CR-GW-930441-Cashfree SETTLEMENT-CUST0039,CMS/GW-930441/CASHFREE/CUST0039,BANK002,CREDIT,GW-930441,10234.06,2026-05-18,NEFT CR-GW-930441-CASHFREE SETTLEMENT-CUST0039
TXN0112,2026-04-13,2026-04-13,18158.5,INR,NEFT CR-GW-741777-Cashfree SETTLEMENT-CUST0333,CMS/GW-741777/CASHFREE/CUST0333,BANK002,CREDIT,GW-741777,18158.5,2026-04-13,NEFT CR-GW-741777-CASHFREE SETTLEMENT-CUST0333
TXN0113,2026-05-06,2026-05-06,142304.98,INR,NEFT CR-GW-663719-Razorpay SETTLEMENT-CUST0236,CMS/GW-663719/RAZORPAY/CUST0236,BANK001,CREDIT,GW-663719,142304.98,2026-05-06,NEFT CR-GW-663719-RAZORPAY SETTLEMENT-CUST0236
TXN0114,2026-03-30,2026-03-31,78881.25,INR,NEFT CR-GW-209793-Stripe SETTLEMENT-CUST0465,CMS/GW-209793/STRIPE/CUST0465,BANK003,CREDIT,GW-209793,78881.25,2026-03-30,NEFT CR-GW-209793-STRIPE SETTLEMENT-CUST0465
TXN0115,2026-02-01,2026-02-02,772.26,INR,NEFT CR-GW-823405-Stripe SETTLEMENT-CUST0207,CMS/GW-823405/STRIPE/CUST0207,BANK001,CREDIT,GW-823405,772.26,2026-02-01,NEFT CR-GW-823405-STRIPE SETTLEMENT-CUST0207
TXN0116,2026-02-11,2026-02-12,55135.07,INR,NEFT CR-GW-947919-Razorpay SETTLEMENT-CUST0088,CMS/GW-947919/RAZORPAY/CUST0088,BANK003,CREDIT,GW-947919,55135.07,2026-02-11,NEFT CR-GW-947919-RAZORPAY SETTLEMENT-CUST0088
TXN0117,2026-05-12,2026-05-13,148988.17,INR,NEFT CR-GW-613757-Razorpay SETTLEMENT-CUST0033,CMS/GW-613757/RAZORPAY/CUST0033,BANK002,CREDIT,GW-613757,148988.17,2026-05-12,NEFT CR-GW-613757-RAZORPAY SETTLEMENT-CUST0033
TXN0118,2026-04-27,2026-04-28,12188.78,INR,NEFT CR-GW-612032-Cashfree SETTLEMENT-CUST0211,CMS/GW-612032/CASHFREE/CUST0211,BANK001,CREDIT,GW-612032,12188.78,2026-04-27,NEFT CR-GW-612032-CASHFREE SETTLEMENT-CUST0211
TXN0119,2026-02-22,2026-02-22,50045.43,INR,NEFT CR-GW-526949-Stripe SETTLEMENT-CUST0201,CMS/GW-526949/STRIPE/CUST0201,BANK001,CREDIT,GW-526949,50045.43,2026-02-22,NEFT CR-GW-526949-STRIPE SETTLEMENT-CUST0201
TXN0120,2026-01-25,2026-01-26,172033.46,INR,NEFT CR-GW-428003-Razorpay SETTLEMENT-CUST0291,CMS/GW-428003/RAZORPAY/CUST0291,BANK003,CREDIT,GW-428003,172033.46,2026-01-25,NEFT CR-GW-428003-RAZORPAY SETTLEMENT-CUST0291
TXN0121,2026-04-01,2026-04-01,93334.99,INR,NEFT CR-GW-740991-Stripe SETTLEMENT-CUST0409,CMS/GW-740991/STRIPE/CUST0409,BANK002,CREDIT,GW-740991,93334.99,2026-04-01,NEFT CR-GW-740991-STRIPE SETTLEMENT-CUST0409
TXN0122,2026-05-04,2026-05-05,1914.57,INR,NEFT CR-GW-702987-PayU SETTLEMENT-CUST0046,CMS/GW-702987/PAYU/CUST0046,BANK002,CREDIT,GW-702987,1914.57,2026-05-04,NEFT CR-GW-702987-PAYU SETTLEMENT-CUST0046
TXN0123,2026-05-05,2026-05-05,14659.58,INR,NEFT CR-GW-273348-Razorpay SETTLEMENT-CUST0208,CMS/GW-273348/RAZORPAY/CUST0208,BANK002,CREDIT,GW-273348,14659.58,2026-05-05,NEFT CR-GW-273348-RAZORPAY SETTLEMENT-CUST0208
TXN0124,2026-04-11,2026-04-11,73099.46,INR,NEFT CR-GW-699116-Razorpay SETTLEMENT-CUST0059,CMS/GW-699116/RAZORPAY/CUST0059,BANK001,CREDIT,GW-699116,73099.46,2026-04-11,NEFT CR-GW-699116-RAZORPAY SETTLEMENT-CUST0059
TXN0125,2026-02-07,2026-02-08,8937.17,INR,NEFT CR-GW-768402-Razorpay SETTLEMENT-CUST0425,CMS/GW-768402/RAZORPAY/CUST0425,BANK002,CREDIT,GW-768402,8937.17,2026-02-07,NEFT CR-GW-768402-RAZORPAY SETTLEMENT-CUST0425
TXN0126,2026-03-27,2026-03-28,8386.34,INR,NEFT CR-GW-124935-Stripe SETTLEMENT-CUST0038,CMS/GW-124935/STRIPE/CUST0038,BANK001,CREDIT,GW-124935,8386.34,2026-03-27,NEFT CR-GW-124935-STRIPE SETTLEMENT-CUST0038
TXN0127,2026-06-27,2026-06-28,34895.47,INR,NEFT CR-GW-475946-Stripe SETTLEMENT-CUST0041,CMS/GW-475946/STRIPE/CUST0041,BANK001,CREDIT,GW-475946,34895.47,2026-06-27,NEFT CR-GW-475946-STRIPE SETTLEMENT-CUST0041
TXN0128,2026-04-18,2026-04-18,149642.71,INR,NEFT CR-GW-462580-PayU SETTLEMENT-CUST0365,CMS/GW-462580/PAYU/CUST0365,BANK003,CREDIT,GW-462580,149642.71,2026-04-18,NEFT CR-GW-462580-PAYU SETTLEMENT-CUST0365
TXN0129,2026-04-27,2026-04-27,195580.93,INR,NEFT CR-GW-315514-Stripe SETTLEMENT-CUST0019,CMS/GW-315514/STRIPE/CUST0019,BANK001,CREDIT,GW-315514,195580.93,2026-04-27,NEFT CR-GW-315514-STRIPE SETTLEMENT-CUST0019
TXN0130,2026-04-17,2026-04-18,17264.29,INR,NEFT CR-GW-627021-Stripe SETTLEMENT-CUST0077,CMS/GW-627021/STRIPE/CUST0077,BANK003,CREDIT,GW-627021,17264.29,2026-04-17,NEFT CR-GW-627021-STRIPE SETTLEMENT-CUST0077
TXN0131,2026-02-24,2026-02-25,45331.57,INR,NEFT CR-GW-932655-Stripe SETTLEMENT-CUST0218,CMS/GW-932655/STRIPE/CUST0218,BANK003,CREDIT,GW-932655,45331.57,2026-02-24,NEFT CR-GW-932655-STRIPE SETTLEMENT-CUST0218
TXN0132,2026-01-25,2026-01-25,74508.78,INR,NEFT CR-GW-871554-Stripe SETTLEMENT-CUST0180,CMS/GW-871554/STRIPE/CUST0180,BANK001,CREDIT,GW-871554,74508.78,2026-01-25,NEFT CR-GW-871554-STRIPE SETTLEMENT-CUST0180
TXN0133,2026-02-24,2026-02-25,2330.85,INR,NEFT CR-GW-569414-Stripe SETTLEMENT-CUST0389,CMS/GW-569414/STRIPE/CUST0389,BANK002,CREDIT,GW-569414,2330.85,2026-02-24,NEFT CR-GW-569414-STRIPE SETTLEMENT-CUST0389
TXN0134,2026-05-19,2026-05-20,19680.69,INR,NEFT CR-GW-525707-Cashfree SETTLEMENT-CUST0253,CMS/GW-525707/CASHFREE/CUST0253,BANK003,CREDIT,GW-525707,19680.69,2026-05-19,NEFT CR-GW-525707-CASHFREE SETTLEMENT-CUST0253
TXN0135,2026-05-29,2026-05-29,1330.94,INR,NEFT CR-GW-301529-Cashfree SETTLEMENT-CUST0413,CMS/GW-301529/CASHFREE/CUST0413,BANK001,CREDIT,GW-301529,1330.94,2026-05-29,NEFT CR-GW-301529-CASHFREE SETTLEMENT-CUST0413
TXN0136,2026-05-02,2026-05-02,40275.69,INR,NEFT CR-GW-765974-Cashfree SETTLEMENT-CUST0229,CMS/GW-765974/CASHFREE/CUST0229,BANK002,CREDIT,GW-765974,40275.69,2026-05-02,NEFT CR-GW-765974-CASHFREE SETTLEMENT-CUST0229
TXN0137,2026-06-29,2026-06-30,13105.94,INR,NEFT CR-GW-436881-Razorpay SETTLEMENT-CUST0356,CMS/GW-436881/RAZORPAY/CUST0356,BANK002,CREDIT,GW-436881,13105.94,2026-06-29,NEFT CR-GW-436881-RAZORPAY SETTLEMENT-CUST0356
TXN0138,2026-05-04,2026-05-04,4070.98,INR,NEFT CR-GW-650363-Razorpay SETTLEMENT-CUST0205,CMS/GW-650363/RAZORPAY/CUST0205,BANK001,CREDIT,GW-650363,4070.98,2026-05-04,NEFT CR-GW-650363-RAZORPAY SETTLEMENT-CUST0205
TXN0139,2026-06-02,2026-06-03,23890.0,INR,NEFT CR-GW-459296-Cashfree SETTLEMENT-CUST0301,CMS/GW-459296/CASHFREE/CUST0301,BANK001,CREDIT,GW-459296,23890.0,2026-06-02,NEFT CR-GW-459296-CASHFREE SETTLEMENT-CUST0301
TXN0140,2026-06-06,2026-06-07,112179.58,INR,NEFT CR-GW-636064-Cashfree SETTLEMENT-CUST0203,CMS/GW-636064/CASHFREE/CUST0203,BANK002,CREDIT,GW-636064,112179.58,2026-06-06,NEFT CR-GW-636064-CASHFREE SETTLEMENT-CUST0203
TXN0141,2026-05-01,2026-05-01,6249.41,INR,NEFT CR-GW-840238-PayU SETTLEMENT-CUST0377,CMS/GW-840238/PAYU/CUST0377,BANK003,CREDIT,GW-840238,6249.41,2026-05-01,NEFT CR-GW-840238-PAYU SETTLEMENT-CUST0377
TXN0142,2026-03-08,2026-03-08,40283.94,INR,NEFT CR-GW-797911-Cashfree SETTLEMENT-CUST0281,CMS/GW-797911/CASHFREE/CUST0281,BANK002,CREDIT,GW-797911,40283.94,2026-03-08,NEFT CR-GW-797911-CASHFREE SETTLEMENT-CUST0281
TXN0143,2026-06-23,2026-06-23,62722.09,INR,NEFT CR-GW-199424-Cashfree SETTLEMENT-CUST0391,CMS/GW-199424/CASHFREE/CUST0391,BANK002,CREDIT,GW-199424,62722.09,2026-06-23,NEFT CR-GW-199424-CASHFREE SETTLEMENT-CUST0391
TXN0144,2026-02-19,2026-02-20,1935.15,INR,NEFT CR-GW-289240-Stripe SETTLEMENT-CUST0275,CMS/GW-289240/STRIPE/CUST0275,BANK002,CREDIT,GW-289240,1935.15,2026-02-19,NEFT CR-GW-289240-STRIPE SETTLEMENT-CUST0275
TXN0145,2026-03-18,2026-03-18,3625.31,INR,NEFT CR-GW-540189-Stripe SETTLEMENT-CUST0258,CMS/GW-540189/STRIPE/CUST0258,BANK002,CREDIT,GW-540189,3625.31,2026-03-18,NEFT CR-GW-540189-STRIPE SETTLEMENT-CUST0258
TXN0146,2026-02-13,2026-02-14,2074.17,INR,NEFT CR-GW-889126-PayU SETTLEMENT-CUST0351,CMS/GW-889126/PAYU/CUST0351,BANK001,CREDIT,GW-889126,2074.17,2026-02-13,NEFT CR-GW-889126-PAYU SETTLEMENT-CUST0351
TXN0147,2026-02-24,2026-02-25,193785.39,INR,NEFT CR-GW-318354-Cashfree SETTLEMENT-CUST0484,CMS/GW-318354/CASHFREE/CUST0484,BANK002,CREDIT,GW-318354,193785.39,2026-02-24,NEFT CR-GW-318354-CASHFREE SETTLEMENT-CUST0484
TXN0148,2026-05-07,2026-05-08,103616.63,INR,NEFT CR-GW-694716-Razorpay SETTLEMENT-CUST0313,CMS/GW-694716/RAZORPAY/CUST0313,BANK002,CREDIT,GW-694716,103616.63,2026-05-07,NEFT CR-GW-694716-RAZORPAY SETTLEMENT-CUST0313
TXN0149,2026-04-10,2026-04-10,60298.58,INR,NEFT CR-GW-918348-Razorpay SETTLEMENT-CUST0313,CMS/GW-918348/RAZORPAY/CUST0313,BANK003,CREDIT,GW-918348,60298.58,2026-04-10,NEFT CR-GW-918348-RAZORPAY SETTLEMENT-CUST0313
TXN0150,2026-01-15,2026-01-16,3536.78,INR,NEFT CR-GW-126000-Razorpay SETTLEMENT-CUST0321,CMS/GW-126000/RAZORPAY/CUST0321,BANK001,CREDIT,GW-126000,3536.78,2026-01-15,NEFT CR-GW-126000-RAZORPAY SETTLEMENT-CUST0321
TXN0151,2026-09-14,2026-09-14,2907.19,INR,NEFT CR-GW-149812-Cashfree SETTLEMENT-CUST0245,CMS/GW-149812/CASHFREE/CUST0245,BANK002,CREDIT,GW-149812,2907.19,2026-09-14,NEFT CR-GW-149812-CASHFREE SETTLEMENT-CUST0245
TXN0152,2026-05-07,2026-05-08,14579.87,INR,NEFT CR-GW-569040-PayU SETTLEMENT-CUST0045,CMS/GW-569040/PAYU/CUST0045,BANK001,CREDIT,GW-569040,14579.87,2026-05-07,NEFT CR-GW-569040-PAYU SETTLEMENT-CUST0045
TXN0153,2026-04-30,2026-05-01,52788.93,INR,NEFT CR-GW-700831-PayU SETTLEMENT-CUST0339,CMS/GW-700831/PAYU/CUST0339,BANK001,CREDIT,GW-700831,52788.93,2026-04-30,NEFT CR-GW-700831-PAYU SETTLEMENT-CUST0339
TXN0154,2026-02-12,2026-02-12,39134.36,INR,NEFT CR-GW-543210-Cashfree SETTLEMENT-CUST0069,CMS/GW-543210/CASHFREE/CUST0069,BANK001,CREDIT,GW-543210,39134.36,2026-02-12,NEFT CR-GW-543210-CASHFREE SETTLEMENT-CUST0069
TXN0155,2026-01-26,2026-01-26,74391.65,INR,NEFT CR-GW-887917-Razorpay SETTLEMENT-CUST0284,CMS/GW-887917/RAZORPAY/CUST0284,BANK002,CREDIT,GW-887917,74391.65,2026-01-26,NEFT CR-GW-887917-RAZORPAY SETTLEMENT-CUST0284
TXN0156,2026-01-31,2026-01-31,137417.47,INR,NEFT CR-GW-139068-Stripe SETTLEMENT-CUST0260,CMS/GW-139068/STRIPE/CUST0260,BANK003,CREDIT,GW-139068,137417.47,2026-01-31,NEFT CR-GW-139068-STRIPE SETTLEMENT-CUST0260
TXN0157,2026-05-13,2026-05-13,75686.84,INR,NEFT CR-GW-668977-Cashfree SETTLEMENT-CUST0313,CMS/GW-668977/CASHFREE/CUST0313,BANK001,CREDIT,GW-668977,75686.84,2026-05-13,NEFT CR-GW-668977-CASHFREE SETTLEMENT-CUST0313
TXN0158,2026-02-24,2026-02-25,36290.79,INR,NEFT CR-GW-185489-Cashfree SETTLEMENT-CUST0069,CMS/GW-185489/CASHFREE/CUST0069,BANK001,CREDIT,GW-185489,36290.79,2026-02-24,NEFT CR-GW-185489-CASHFREE SETTLEMENT-CUST0069
TXN0159,2026-05-19,2026-05-19,68245.1,INR,NEFT CR-GW-311301-Stripe SETTLEMENT-CUST0451,CMS/GW-311301/STRIPE/CUST0451,BANK002,CREDIT,GW-311301,68245.1,2026-05-19,NEFT CR-GW-311301-STRIPE SETTLEMENT-CUST0451
TXN0160,2026-03-22,2026-03-23,1349.9,INR,NEFT CR-GW-291938-Razorpay SETTLEMENT-CUST0399,CMS/GW-291938/RAZORPAY/CUST0399,BANK001,CREDIT,GW-291938,1349.9,2026-03-22,NEFT CR-GW-291938-RAZORPAY SETTLEMENT-CUST0399
TXN0161,2026-01-09,2026-01-10,11705.07,INR,NEFT CR-GW-673758-Stripe SETTLEMENT-CUST0076,CMS/GW-673758/STRIPE/CUST0076,BANK001,CREDIT,GW-673758,11705.07,2026-01-09,NEFT CR-GW-673758-STRIPE SETTLEMENT-CUST0076
TXN0162,2026-04-17,2026-04-18,6279.41,INR,NEFT CR-GW-312226-Razorpay SETTLEMENT-CUST0129,CMS/GW-312226/RAZORPAY/CUST0129,BANK003,CREDIT,GW-312226,6279.41,2026-04-17,NEFT CR-GW-312226-RAZORPAY SETTLEMENT-CUST0129
TXN0163,2026-02-19,2026-02-19,20792.11,INR,NEFT CR-GW-598033-Stripe SETTLEMENT-CUST0460,CMS/GW-598033/STRIPE/CUST0460,BANK003,CREDIT,GW-598033,20792.11,2026-02-19,NEFT CR-GW-598033-STRIPE SETTLEMENT-CUST0460
TXN0164,2026-05-24,2026-05-24,24306.85,INR,NEFT CR-GW-267759-PayU SETTLEMENT-CUST0072,CMS/GW-267759/PAYU/CUST0072,BANK002,CREDIT,GW-267759,24306.85,2026-05-24,NEFT CR-GW-267759-PAYU SETTLEMENT-CUST0072
TXN0165,2026-06-02,2026-06-03,7076.17,INR,NEFT CR-GW-572319-PayU SETTLEMENT-CUST0482,CMS/GW-572319/PAYU/CUST0482,BANK001,CREDIT,GW-572319,7076.17,2026-06-02,NEFT CR-GW-572319-PAYU SETTLEMENT-CUST0482
TXN0166,2026-04-02,2026-04-03,1145.19,INR,NEFT CR-GW-826680-Cashfree SETTLEMENT-CUST0307,CMS/GW-826680/CASHFREE/CUST0307,BANK001,CREDIT,GW-826680,1145.19,2026-04-02,NEFT CR-GW-826680-CASHFREE SETTLEMENT-CUST0307
TXN0167,2026-03-27,2026-03-28,2574.76,INR,NEFT CR-GW-919502-Razorpay SETTLEMENT-CUST0362,CMS/GW-919502/RAZORPAY/CUST0362,BANK002,CREDIT,GW-919502,2574.76,2026-03-27,NEFT CR-GW-919502-RAZORPAY SETTLEMENT-CUST0362
TXN0168,2026-06-12,2026-06-13,17674.02,INR,NEFT CR-GW-748216-Razorpay SETTLEMENT-CUST0283,CMS/GW-748216/RAZORPAY/CUST0283,BANK003,CREDIT,GW-748216,17674.02,2026-06-12,NEFT CR-GW-748216-RAZORPAY SETTLEMENT-CUST0283
TXN0169,2026-03-20,2026-03-20,788.78,INR,NEFT CR-GW-602049-PayU SETTLEMENT-CUST0303,CMS/GW-602049/PAYU/CUST0303,BANK002,CREDIT,GW-602049,788.78,2026-03-20,NEFT CR-GW-602049-PAYU SETTLEMENT-CUST0303
TXN0170,2026-01-10,2026-01-11,16814.69,INR,NEFT CR-GW-167971-Razorpay SETTLEMENT-CUST0435,CMS/GW-167971/RAZORPAY/CUST0435,BANK001,CREDIT,GW-167971,16814.69,2026-01-10,NEFT CR-GW-167971-RAZORPAY SETTLEMENT-CUST0435
TXN0171,2026-01-30,2026-01-30,12994.79,INR,NEFT CR-GW-886455-Razorpay SETTLEMENT-CUST0031,CMS/GW-886455/RAZORPAY/CUST0031,BANK001,CREDIT,GW-886455,12994.79,2026-01-30,NEFT CR-GW-886455-RAZORPAY SETTLEMENT-CUST0031
TXN0172,2026-05-30,2026-05-30,125990.66,INR,NEFT CR-GW-162676-Razorpay SETTLEMENT-CUST0154,CMS/GW-162676/RAZORPAY/CUST0154,BANK002,CREDIT,GW-162676,125990.66,2026-05-30,NEFT CR-GW-162676-RAZORPAY SETTLEMENT-CUST0154
TXN0173,2026-03-01,2026-03-01,2744.0,INR,NEFT CR-GW-621272-Stripe SETTLEMENT-CUST0492,CMS/GW-621272/STRIPE/CUST0492,BANK001,CREDIT,GW-621272,2744.0,2026-03-01,NEFT CR-GW-621272-STRIPE SETTLEMENT-CUST0492
TXN0174,2026-05-07,2026-05-07,41642.41,INR,NEFT CR-GW-391236-Razorpay SETTLEMENT-CUST0460,CMS/GW-391236/RAZORPAY/CUST0460,BANK001,CREDIT,GW-391236,41642.41,2026-05-07,NEFT CR-GW-391236-RAZORPAY SETTLEMENT-CUST0460
TXN0175,2026-02-25,2026-02-26,60453.13,INR,NEFT CR-GW-139330-PayU SETTLEMENT-CUST0047,CMS/GW-139330/PAYU/CUST0047,BANK003,CREDIT,GW-139330,60453.13,2026-02-25,NEFT CR-GW-139330-PAYU SETTLEMENT-CUST0047
TXN0176,2026-04-13,2026-04-14,22173.63,INR,NEFT CR-GW-760793-Cashfree SETTLEMENT-CUST0106,CMS/GW-760793/CASHFREE/CUST0106,BANK003,CREDIT,GW-760793,22173.63,2026-04-13,NEFT CR-GW-760793-CASHFREE SETTLEMENT-CUST0106
TXN0177,2026-05-01,2026-05-02,1735.42,INR,NEFT CR-GW-234525-Cashfree SETTLEMENT-CUST0051,CMS/GW-234525/CASHFREE/CUST0051,BANK003,CREDIT,GW-234525,1735.42,2026-05-01,NEFT CR-GW-234525-CASHFREE SETTLEMENT-CUST0051
TXN0178,2026-06-06,2026-06-07,38623.54,INR,NEFT CR-GW-703041-PayU SETTLEMENT-CUST0024,CMS/GW-703041/PAYU/CUST0024,BANK001,CREDIT,GW-703041,38623.54,2026-06-06,NEFT CR-GW-703041-PAYU SETTLEMENT-CUST0024
TXN0179,2026-05-04,2026-05-05,1381.14,INR,NEFT CR-GW-637692-Stripe SETTLEMENT-CUST0252,CMS/GW-637692/STRIPE/CUST0252,BANK001,CREDIT,GW-637692,1381.14,2026-05-04,NEFT CR-GW-637692-STRIPE SETTLEMENT-CUST0252
TXN0180,2026-03-15,2026-03-16,660.2,INR,NEFT CR-GW-552189-PayU SETTLEMENT-CUST0097,CMS/GW-552189/PAYU/CUST0097,BANK002,CREDIT,GW-552189,660.2,2026-03-15,NEFT CR-GW-552189-PAYU SETTLEMENT-CUST0097
TXN0181,2026-04-10,2026-04-10,47661.41,INR,NEFT CR-GW-234119-Cashfree SETTLEMENT-CUST0427,CMS/GW-234119/CASHFREE/CUST0427,BANK001,CREDIT,GW-234119,47661.41,2026-04-10,NEFT CR-GW-234119-CASHFREE SETTLEMENT-CUST0427
TXN0182,2026-06-18,2026-06-18,12567.33,INR,NEFT CR-GW-193420-PayU SETTLEMENT-CUST0220,CMS/GW-193420/PAYU/CUST0220,BANK003,CREDIT,GW-193420,12567.33,2026-06-18,NEFT CR-GW-193420-PAYU SETTLEMENT-CUST0220
TXN0183,2026-05-01,2026-05-02,44622.91,INR,NEFT CR-GW-300482-Stripe SETTLEMENT-CUST0325,CMS/GW-300482/STRIPE/CUST0325,BANK002,CREDIT,GW-300482,44622.91,2026-05-01,NEFT CR-GW-300482-STRIPE SETTLEMENT-CUST0325
TXN0184,2026-02-06,2026-02-06,21743.62,INR,NEFT CR-GW-836903-Cashfree SETTLEMENT-CUST0434,CMS/GW-836903/CASHFREE/CUST0434,BANK001,CREDIT,GW-836903,21743.62,2026-02-06,NEFT CR-GW-836903-CASHFREE SETTLEMENT-CUST0434
TXN0185,2026-07-04,2026-07-04,37960.34,INR,NEFT CR-GW-180266-Cashfree SETTLEMENT-CUST0374,CMS/GW-180266/CASHFREE/CUST0374,BANK003,CREDIT,GW-180266,37960.34,2026-07-04,NEFT CR-GW-180266-CASHFREE SETTLEMENT-CUST0374
TXN0186,2026-05-24,2026-05-24,15581.54,INR,NEFT CR-GW-297042-PayU SETTLEMENT-CUST0061,CMS/GW-297042/PAYU/CUST0061,BANK001,CREDIT,GW-297042,15581.54,2026-05-24,NEFT CR-GW-297042-PAYU SETTLEMENT-CUST0061
TXN0187,2026-08-10,2026-08-11,3878.1,INR,NEFT CR-GW-853660-Razorpay SETTLEMENT-CUST0449,CMS/GW-853660/RAZORPAY/CUST0449,BANK001,CREDIT,GW-853660,3878.1,2026-08-10,NEFT CR-GW-853660-RAZORPAY SETTLEMENT-CUST0449
TXN0188,2026-04-17,2026-04-18,64829.8,INR,NEFT CR-GW-840872-PayU SETTLEMENT-CUST0466,CMS/GW-840872/PAYU/CUST0466,BANK001,CREDIT,GW-840872,64829.8,2026-04-17,NEFT CR-GW-840872-PAYU SETTLEMENT-CUST0466
TXN0189,2026-01-13,2026-01-13,182788.89,INR,NEFT CR-GW-239044-Stripe SETTLEMENT-CUST0473,CMS/GW-239044/STRIPE/CUST0473,BANK003,CREDIT,GW-239044,182788.89,2026-01-13,NEFT CR-GW-239044-STRIPE SETTLEMENT-CUST0473
TXN0190,2026-02-16,2026-02-17,45985.31,INR,NEFT CR-GW-903308-Cashfree SETTLEMENT-CUST0416,CMS/GW-903308/CASHFREE/CUST0416,BANK003,CREDIT,GW-903308,45985.31,2026-02-16,NEFT CR-GW-903308-CASHFREE SETTLEMENT-CUST0416
TXN0191,2026-05-30,2026-05-30,169328.02,INR,NEFT CR-GW-153153-Razorpay SETTLEMENT-CUST0159,CMS/GW-153153/RAZORPAY/CUST0159,BANK001,CREDIT,GW-153153,169328.02,2026-05-30,NEFT CR-GW-153153-RAZORPAY SETTLEMENT-CUST0159
TXN0192,2026-04-08,2026-04-08,2436.35,INR,NEFT CR-GW-244051-Razorpay SETTLEMENT-CUST0330,CMS/GW-244051/RAZORPAY/CUST0330,BANK001,CREDIT,GW-244051,2436.35,2026-04-08,NEFT CR-GW-244051-RAZORPAY SETTLEMENT-CUST0330
TXN0193,2026-01-27,2026-01-27,557.48,INR,NEFT CR-GW-441739-Cashfree SETTLEMENT-CUST0398,CMS/GW-441739/CASHFREE/CUST0398,BANK001,CREDIT,GW-441739,557.48,2026-01-27,NEFT CR-GW-441739-CASHFREE SETTLEMENT-CUST0398
TXN0194,2026-05-28,2026-05-29,55920.8,INR,NEFT CR-GW-409569-PayU SETTLEMENT-CUST0335,CMS/GW-409569/PAYU/CUST0335,BANK002,CREDIT,GW-409569,55920.8,2026-05-28,NEFT CR-GW-409569-PAYU SETTLEMENT-CUST0335
TXN0195,2026-01-21,2026-01-22,12951.73,INR,NEFT CR-GW-477447-PayU SETTLEMENT-CUST0484,CMS/GW-477447/PAYU/CUST0484,BANK001,CREDIT,GW-477447,12951.73,2026-01-21,NEFT CR-GW-477447-PAYU SETTLEMENT-CUST0484
TXN0196,2026-02-22,2026-02-23,2031.72,INR,NEFT CR-GW-112612-PayU SETTLEMENT-CUST0479,CMS/GW-112612/PAYU/CUST0479,BANK001,CREDIT,GW-112612,2031.72,2026-02-22,NEFT CR-GW-112612-PAYU SETTLEMENT-CUST0479
TXN0197,2026-04-27,2026-04-28,676.86,INR,NEFT CR-GW-239292-Razorpay SETTLEMENT-CUST0145,CMS/GW-239292/RAZORPAY/CUST0145,BANK003,CREDIT,GW-239292,676.86,2026-04-27,NEFT CR-GW-239292-RAZORPAY SETTLEMENT-CUST0145
TXN0198,2026-04-29,2026-04-29,39193.26,INR,NEFT CR-GW-944212-Stripe SETTLEMENT-CUST0319,CMS/GW-944212/STRIPE/CUST0319,BANK003,CREDIT,GW-944212,39193.26,2026-04-29,NEFT CR-GW-944212-STRIPE SETTLEMENT-CUST0319
TXN0199,2026-01-24,2026-01-24,2415.41,INR,NEFT CR-GW-588820-Razorpay SETTLEMENT-CUST0133,CMS/GW-588820/RAZORPAY/CUST0133,BANK003,CREDIT,GW-588820,2415.41,2026-01-24,NEFT CR-GW-588820-RAZORPAY SETTLEMENT-CUST0133
TXN0200,2026-01-26,2026-01-27,152141.57,INR,NEFT CR-GW-806142-PayU SETTLEMENT-CUST0175,CMS/GW-806142/PAYU/CUST0175,BANK001,CREDIT,GW-806142,152141.57,2026-01-26,NEFT CR-GW-806142-PAYU SETTLEMENT-CUST0175
TXN0201,2026-03-07,2026-03-08,975.62,INR,NEFT CR-GW-352523-Cashfree SETTLEMENT-CUST0409,CMS/GW-352523/CASHFREE/CUST0409,BANK001,CREDIT,GW-352523,975.62,2026-03-07,NEFT CR-GW-352523-CASHFREE SETTLEMENT-CUST0409
TXN0202,2026-01-21,2026-01-21,176912.83,INR,NEFT CR-GW-820465-Razorpay SETTLEMENT-CUST0139,CMS/GW-820465/RAZORPAY/CUST0139,BANK002,CREDIT,GW-820465,176912.83,2026-01-21,NEFT CR-GW-820465-RAZORPAY SETTLEMENT-CUST0139
TXN0203,2026-03-04,2026-03-04,105512.1,INR,NEFT CR-GW-748334-Cashfree SETTLEMENT-CUST0139,CMS/GW-748334/CASHFREE/CUST0139,BANK001,CREDIT,GW-748334,105512.1,2026-03-04,NEFT CR-GW-748334-CASHFREE SETTLEMENT-CUST0139
TXN0204,2026-02-17,2026-02-18,51121.34,INR,NEFT CR-GW-743470-Stripe SETTLEMENT-CUST0379,CMS/GW-743470/STRIPE/CUST0379,BANK001,CREDIT,GW-743470,51121.34,2026-02-17,NEFT CR-GW-743470-STRIPE SETTLEMENT-CUST0379
TXN0205,2026-04-14,2026-04-14,45149.32,INR,NEFT CR-GW-659150-Razorpay SETTLEMENT-CUST0336,CMS/GW-659150/RAZORPAY/CUST0336,BANK001,CREDIT,GW-659150,45149.32,2026-04-14,NEFT CR-GW-659150-RAZORPAY SETTLEMENT-CUST0336
TXN0206,2026-02-17,2026-02-18,4159.68,INR,NEFT CR-GW-895467-Razorpay SETTLEMENT-CUST0318,CMS/GW-895467/RAZORPAY/CUST0318,BANK003,CREDIT,GW-895467,4159.68,2026-02-17,NEFT CR-GW-895467-RAZORPAY SETTLEMENT-CUST0318
TXN0207,2026-06-05,2026-06-06,9384.65,INR,NEFT CR-GW-307221-Cashfree SETTLEMENT-CUST0319,CMS/GW-307221/CASHFREE/CUST0319,BANK002,CREDIT,GW-307221,9384.65,2026-06-05,NEFT CR-GW-307221-CASHFREE SETTLEMENT-CUST0319
TXN0208,2026-01-21,2026-01-22,44752.65,INR,NEFT CR-GW-184288-Stripe SETTLEMENT-CUST0155,CMS/GW-184288/STRIPE/CUST0155,BANK003,CREDIT,GW-184288,44752.65,2026-01-21,NEFT CR-GW-184288-STRIPE SETTLEMENT-CUST0155
TXN0209,2026-04-21,2026-04-21,52001.56,INR,NEFT CR-GW-911703-Cashfree SETTLEMENT-CUST0091,CMS/GW-911703/CASHFREE/CUST0091,BANK003,CREDIT,GW-911703,52001.56,2026-04-21,NEFT CR-GW-911703-CASHFREE SETTLEMENT-CUST0091
TXN0210,2026-04-12,2026-04-13,107037.54,INR,NEFT CR-GW-624831-Razorpay SETTLEMENT-CUST0081,CMS/GW-624831/RAZORPAY/CUST0081,BANK003,CREDIT,GW-624831,107037.54,2026-04-12,NEFT CR-GW-624831-RAZORPAY SETTLEMENT-CUST0081
TXN0211,2026-04-26,2026-04-27,5587.29,INR,NEFT CR-GW-921042-Stripe SETTLEMENT-CUST0355,CMS/GW-921042/STRIPE/CUST0355,BANK002,CREDIT,GW-921042,5587.29,2026-04-26,NEFT CR-GW-921042-STRIPE SETTLEMENT-CUST0355
TXN0212,2026-01-03,2026-01-04,1667.35,INR,NEFT CR-GW-219938-Razorpay SETTLEMENT-CUST0167,CMS/GW-219938/RAZORPAY/CUST0167,BANK001,CREDIT,GW-219938,1667.35,2026-01-03,NEFT CR-GW-219938-RAZORPAY SETTLEMENT-CUST0167
TXN0213,2026-01-29,2026-01-29,20671.38,INR,NEFT CR-GW-316552-Stripe SETTLEMENT-CUST0353,CMS/GW-316552/STRIPE/CUST0353,BANK002,CREDIT,GW-316552,20671.38,2026-01-29,NEFT CR-GW-316552-STRIPE SETTLEMENT-CUST0353
TXN0214,2026-05-13,2026-05-13,6641.4,INR,NEFT CR-GW-715958-PayU SETTLEMENT-CUST0154,CMS/GW-715958/PAYU/CUST0154,BANK002,CREDIT,GW-715958,6641.4,2026-05-13,NEFT CR-GW-715958-PAYU SETTLEMENT-CUST0154
TXN0215,2026-09-01,2026-09-01,1955.29,INR,NEFT CR-GW-443399-PayU SETTLEMENT-CUST0450,CMS/GW-443399/PAYU/CUST0450,BANK002,CREDIT,GW-443399,1955.29,2026-09-01,NEFT CR-GW-443399-PAYU SETTLEMENT-CUST0450
TXN0216,2026-03-04,2026-03-04,57042.08,INR,NEFT CR-GW-427672-Cashfree SETTLEMENT-CUST0129,CMS/GW-427672/CASHFREE/CUST0129,BANK001,CREDIT,GW-427672,57042.08,2026-03-04,NEFT CR-GW-427672-CASHFREE SETTLEMENT-CUST0129
TXN0217,2026-04-25,2026-04-25,115503.4,INR,NEFT CR-GW-980338-Cashfree SETTLEMENT-CUST0228,CMS/GW-980338/CASHFREE/CUST0228,BANK002,CREDIT,GW-980338,115503.4,2026-04-25,NEFT CR-GW-980338-CASHFREE SETTLEMENT-CUST0228
TXN0218,2026-04-19,2026-04-20,29654.74,INR,NEFT CR-GW-926796-Razorpay SETTLEMENT-CUST0027,CMS/GW-926796/RAZORPAY/CUST0027,BANK001,CREDIT,GW-926796,29654.74,2026-04-19,NEFT CR-GW-926796-RAZORPAY SETTLEMENT-CUST0027
TXN0219,2026-04-13,2026-04-14,13609.14,INR,NEFT CR-GW-213234-Razorpay SETTLEMENT-CUST0479,CMS/GW-213234/RAZORPAY/CUST0479,BANK003,CREDIT,GW-213234,13609.14,2026-04-13,NEFT CR-GW-213234-RAZORPAY SETTLEMENT-CUST0479
TXN0220,2026-06-04,2026-06-05,15777.92,INR,NEFT CR-GW-942647-Razorpay SETTLEMENT-CUST0296,CMS/GW-942647/RAZORPAY/CUST0296,BANK001,CREDIT,GW-942647,15777.92,2026-06-04,NEFT CR-GW-942647-RAZORPAY SETTLEMENT-CUST0296
TXN0221,2026-06-29,2026-06-29,199589.19,INR,NEFT CR-GW-111336-PayU SETTLEMENT-CUST0304,CMS/GW-111336/PAYU/CUST0304,BANK001,CREDIT,GW-111336,199589.19,2026-06-29,NEFT CR-GW-111336-PAYU SETTLEMENT-CUST0304
TXN0222,2026-05-25,2026-05-25,32235.72,INR,NEFT CR-GW-877455-Razorpay SETTLEMENT-CUST0106,CMS/GW-877455/RAZORPAY/CUST0106,BANK002,CREDIT,GW-877455,32235.72,2026-05-25,NEFT CR-GW-877455-RAZORPAY SETTLEMENT-CUST0106
TXN0223,2026-03-13,2026-03-14,146872.62,INR,NEFT CR-GW-884242-Cashfree SETTLEMENT-CUST0330,CMS/GW-884242/CASHFREE/CUST0330,BANK003,CREDIT,GW-884242,146872.62,2026-03-13,NEFT CR-GW-884242-CASHFREE SETTLEMENT-CUST0330
TXN0224,2026-01-20,2026-01-20,52401.19,INR,NEFT CR-GW-467536-Cashfree SETTLEMENT-CUST0462,CMS/GW-467536/CASHFREE/CUST0462,BANK002,CREDIT,GW-467536,52401.19,2026-01-20,NEFT CR-GW-467536-CASHFREE SETTLEMENT-CUST0462
TXN0225,2026-04-15,2026-04-15,45896.26,INR,NEFT CR-GW-128414-Razorpay SETTLEMENT-CUST0245,CMS/GW-128414/RAZORPAY/CUST0245,BANK003,CREDIT,GW-128414,45896.26,2026-04-15,NEFT CR-GW-128414-RAZORPAY SETTLEMENT-CUST0245
TXN0226,2026-01-26,2026-01-26,37762.63,INR,NEFT CR-GW-367016-Cashfree SETTLEMENT-CUST0369,CMS/GW-367016/CASHFREE/CUST0369,BANK003,CREDIT,GW-367016,37762.63,2026-01-26,NEFT CR-GW-367016-CASHFREE SETTLEMENT-CUST0369
TXN0227,2026-01-11,2026-01-11,182548.34,INR,NEFT CR-GW-610193-PayU SETTLEMENT-CUST0114,CMS/GW-610193/PAYU/CUST0114,BANK001,CREDIT,GW-610193,182548.34,2026-01-11,NEFT CR-GW-610193-PAYU SETTLEMENT-CUST0114
TXN0228,2026-06-28,2026-06-29,4879.34,INR,NEFT CR-GW-498252-PayU SETTLEMENT-CUST0334,CMS/GW-498252/PAYU/CUST0334,BANK001,CREDIT,GW-498252,4879.34,2026-06-28,NEFT CR-GW-498252-PAYU SETTLEMENT-CUST0334
TXN0229,2026-04-02,2026-04-03,20254.4,INR,NEFT CR-GW-718034-PayU SETTLEMENT-CUST0161,CMS/GW-718034/PAYU/CUST0161,BANK003,CREDIT,GW-718034,20254.4,2026-04-02,NEFT CR-GW-718034-PAYU SETTLEMENT-CUST0161
TXN0230,2026-04-19,2026-04-20,116108.08,INR,NEFT CR-GW-887623-Razorpay SETTLEMENT-CUST0273,CMS/GW-887623/RAZORPAY/CUST0273,BANK001,CREDIT,GW-887623,116108.08,2026-04-19,NEFT CR-GW-887623-RAZORPAY SETTLEMENT-CUST0273
TXN0231,2026-02-04,2026-02-04,58488.81,INR,NEFT CR-GW-191283-PayU SETTLEMENT-CUST0074,CMS/GW-191283/PAYU/CUST0074,BANK002,CREDIT,GW-191283,58488.81,2026-02-04,NEFT CR-GW-191283-PAYU SETTLEMENT-CUST0074
TXN0232,2026-05-30,2026-05-31,59317.15,INR,NEFT CR-GW-416984-Razorpay SETTLEMENT-CUST0404,CMS/GW-416984/RAZORPAY/CUST0404,BANK001,CREDIT,GW-416984,59317.15,2026-05-30,NEFT CR-GW-416984-RAZORPAY SETTLEMENT-CUST0404
TXN0233,2026-03-05,2026-03-06,166809.11,INR,NEFT CR-GW-273028-PayU SETTLEMENT-CUST0129,CMS/GW-273028/PAYU/CUST0129,BANK003,CREDIT,GW-273028,166809.11,2026-03-05,NEFT CR-GW-273028-PAYU SETTLEMENT-CUST0129
TXN0234,2026-01-17,2026-01-18,161533.75,INR,NEFT CR-GW-586453-Razorpay SETTLEMENT-CUST0287,CMS/GW-586453/RAZORPAY/CUST0287,BANK002,CREDIT,GW-586453,161533.75,2026-01-17,NEFT CR-GW-586453-RAZORPAY SETTLEMENT-CUST0287
TXN0235,2026-03-07,2026-03-07,124445.06,INR,NEFT CR-GW-900307-Razorpay SETTLEMENT-CUST0199,CMS/GW-900307/RAZORPAY/CUST0199,BANK002,CREDIT,GW-900307,124445.06,2026-03-07,NEFT CR-GW-900307-RAZORPAY SETTLEMENT-CUST0199
TXN0236,2026-06-08,2026-06-09,6106.33,INR,NEFT CR-GW-671979-Stripe SETTLEMENT-CUST0164,CMS/GW-671979/STRIPE/CUST0164,BANK002,CREDIT,GW-671979,6106.33,2026-06-08,NEFT CR-GW-671979-STRIPE SETTLEMENT-CUST0164
TXN0237,2026-05-22,2026-05-22,13512.68,INR,NEFT CR-GW-292384-PayU SETTLEMENT-CUST0454,CMS/GW-292384/PAYU/CUST0454,BANK002,CREDIT,GW-292384,13512.68,2026-05-22,NEFT CR-GW-292384-PAYU SETTLEMENT-CUST0454
TXN0238,2026-02-14,2026-02-15,4824.05,INR,NEFT CR-GW-738748-Stripe SETTLEMENT-CUST0217,CMS/GW-738748/STRIPE/CUST0217,BANK002,CREDIT,GW-738748,4824.05,2026-02-14,NEFT CR-GW-738748-STRIPE SETTLEMENT-CUST0217
TXN0239,2026-04-09,2026-04-10,8326.88,INR,NEFT CR-GW-624635-Cashfree SETTLEMENT-CUST0269,CMS/GW-624635/CASHFREE/CUST0269,BANK003,CREDIT,GW-624635,8326.88,2026-04-09,NEFT CR-GW-624635-CASHFREE SETTLEMENT-CUST0269
TXN0240,2026-02-11,2026-02-12,2203.68,INR,NEFT CR-GW-789485-Razorpay SETTLEMENT-CUST0355,CMS/GW-789485/RAZORPAY/CUST0355,BANK003,CREDIT,GW-789485,2203.68,2026-02-11,NEFT CR-GW-789485-RAZORPAY SETTLEMENT-CUST0355
TXN0241,2026-02-28,2026-02-28,3474.03,INR,NEFT CR-GW-251626-Cashfree SETTLEMENT-CUST0366,CMS/GW-251626/CASHFREE/CUST0366,BANK003,CREDIT,GW-251626,3474.03,2026-02-28,NEFT CR-GW-251626-CASHFREE SETTLEMENT-CUST0366
TXN0242,2026-04-19,2026-04-19,41156.39,INR,NEFT CR-GW-113122-Razorpay SETTLEMENT-CUST0277,CMS/GW-113122/RAZORPAY/CUST0277,BANK002,CREDIT,GW-113122,41156.39,2026-04-19,NEFT CR-GW-113122-RAZORPAY SETTLEMENT-CUST0277
TXN0243,2026-05-12,2026-05-12,48028.94,INR,NEFT CR-GW-245435-Stripe SETTLEMENT-CUST0040,CMS/GW-245435/STRIPE/CUST0040,BANK001,CREDIT,GW-245435,48028.94,2026-05-12,NEFT CR-GW-245435-STRIPE SETTLEMENT-CUST0040
TXN0244,2026-06-26,2026-06-27,12051.05,INR,NEFT CR-GW-485285-Cashfree SETTLEMENT-CUST0287,CMS/GW-485285/CASHFREE/CUST0287,BANK001,CREDIT,GW-485285,12051.05,2026-06-26,NEFT CR-GW-485285-CASHFREE SETTLEMENT-CUST0287
TXN0245,2026-03-26,2026-03-27,29743.06,INR,NEFT CR-GW-961913-Stripe SETTLEMENT-CUST0279,CMS/GW-961913/STRIPE/CUST0279,BANK002,CREDIT,GW-961913,29743.06,2026-03-26,NEFT CR-GW-961913-STRIPE SETTLEMENT-CUST0279
TXN0246,2026-02-07,2026-02-07,185650.17,INR,NEFT CR-GW-486017-Stripe SETTLEMENT-CUST0478,CMS/GW-486017/STRIPE/CUST0478,BANK001,CREDIT,GW-486017,185650.17,2026-02-07,NEFT CR-GW-486017-STRIPE SETTLEMENT-CUST0478
TXN0247,2026-02-24,2026-02-24,23747.55,INR,NEFT CR-GW-986781-Razorpay SETTLEMENT-CUST0227,CMS/GW-986781/RAZORPAY/CUST0227,BANK002,CREDIT,GW-986781,23747.55,2026-02-24,NEFT CR-GW-986781-RAZORPAY SETTLEMENT-CUST0227
TXN0248,2026-01-27,2026-01-28,28855.4,INR,NEFT CR-GW-623308-Razorpay SETTLEMENT-CUST0050,CMS/GW-623308/RAZORPAY/CUST0050,BANK002,CREDIT,GW-623308,28855.4,2026-01-27,NEFT CR-GW-623308-RAZORPAY SETTLEMENT-CUST0050
TXN0249,2026-06-22,2026-06-23,30103.71,INR,NEFT CR-GW-474474-PayU SETTLEMENT-CUST0361,CMS/GW-474474/PAYU/CUST0361,BANK002,CREDIT,GW-474474,30103.71,2026-06-22,NEFT CR-GW-474474-PAYU SETTLEMENT-CUST0361
TXN0250,2026-03-12,2026-03-13,150144.42,INR,NEFT CR-GW-670372-Stripe SETTLEMENT-CUST0278,CMS/GW-670372/STRIPE/CUST0278,BANK002,CREDIT,GW-670372,150144.42,2026-03-12,NEFT CR-GW-670372-STRIPE SETTLEMENT-CUST0278
TXN0251,2026-01-19,2026-01-19,41724.73,INR,NEFT CR-GW-488654-Razorpay SETTLEMENT-CUST0348,CMS/GW-488654/RAZORPAY/CUST0348,BANK003,CREDIT,GW-488654,41724.73,2026-01-19,NEFT CR-GW-488654-RAZORPAY SETTLEMENT-CUST0348
TXN0252,2026-05-09,2026-05-10,138627.89,INR,NEFT CR-GW-226703-PayU SETTLEMENT-CUST0309,CMS/GW-226703/PAYU/CUST0309,BANK002,CREDIT,GW-226703,138627.89,2026-05-09,NEFT CR-GW-226703-PAYU SETTLEMENT-CUST0309
TXN0253,2026-05-02,2026-05-03,18641.32,INR,NEFT CR-GW-982245-Stripe SETTLEMENT-CUST0091,CMS/GW-982245/STRIPE/CUST0091,BANK003,CREDIT,GW-982245,18641.32,2026-05-02,NEFT CR-GW-982245-STRIPE SETTLEMENT-CUST0091
TXN0254,2026-05-23,2026-05-24,15489.47,INR,NEFT CR-GW-352253-Cashfree SETTLEMENT-CUST0357,CMS/GW-352253/CASHFREE/CUST0357,BANK002,CREDIT,GW-352253,15489.47,2026-05-23,NEFT CR-GW-352253-CASHFREE SETTLEMENT-CUST0357
TXN0255,2026-02-02,2026-02-03,3695.83,INR,NEFT CR-GW-235427-Stripe SETTLEMENT-CUST0112,CMS/GW-235427/STRIPE/CUST0112,BANK002,CREDIT,GW-235427,3695.83,2026-02-02,NEFT CR-GW-235427-STRIPE SETTLEMENT-CUST0112
TXN0256,2026-04-17,2026-04-18,63575.63,INR,NEFT CR-GW-240101-Cashfree SETTLEMENT-CUST0176,CMS/GW-240101/CASHFREE/CUST0176,BANK001,CREDIT,GW-240101,63575.63,2026-04-17,NEFT CR-GW-240101-CASHFREE SETTLEMENT-CUST0176
TXN0257,2026-03-02,2026-03-03,23889.55,INR,NEFT CR-GW-563019-Razorpay SETTLEMENT-CUST0035,CMS/GW-563019/RAZORPAY/CUST0035,BANK002,CREDIT,GW-563019,23889.55,2026-03-02,NEFT CR-GW-563019-RAZORPAY SETTLEMENT-CUST0035
TXN0258,2026-04-20,2026-04-20,20116.5,INR,NEFT CR-GW-493557-Cashfree SETTLEMENT-CUST0357,CMS/GW-493557/CASHFREE/CUST0357,BANK003,CREDIT,GW-493557,20116.5,2026-04-20,NEFT CR-GW-493557-CASHFREE SETTLEMENT-CUST0357
TXN0259,2026-08-30,2026-08-31,3150.05,INR,NEFT CR-GW-492806-Razorpay SETTLEMENT-CUST0092,CMS/GW-492806/RAZORPAY/CUST0092,BANK003,CREDIT,GW-492806,3150.05,2026-08-30,NEFT CR-GW-492806-RAZORPAY SETTLEMENT-CUST0092
TXN0260,2026-04-13,2026-04-13,24387.94,INR,NEFT CR-GW-429397-PayU SETTLEMENT-CUST0373,CMS/GW-429397/PAYU/CUST0373,BANK001,CREDIT,GW-429397,24387.94,2026-04-13,NEFT CR-GW-429397-PAYU SETTLEMENT-CUST0373
TXN0261,2026-02-21,2026-02-22,137122.77,INR,NEFT CR-GW-594350-Razorpay SETTLEMENT-CUST0024,CMS/GW-594350/RAZORPAY/CUST0024,BANK001,CREDIT,GW-594350,137122.77,2026-02-21,NEFT CR-GW-594350-RAZORPAY SETTLEMENT-CUST0024
TXN0262,2026-02-23,2026-02-23,21919.58,INR,NEFT CR-GW-256606-Razorpay SETTLEMENT-CUST0264,CMS/GW-256606/RAZORPAY/CUST0264,BANK001,CREDIT,GW-256606,21919.58,2026-02-23,NEFT CR-GW-256606-RAZORPAY SETTLEMENT-CUST0264
TXN0263,2026-01-06,2026-01-07,47329.15,INR,NEFT CR-GW-161726-Cashfree SETTLEMENT-CUST0139,CMS/GW-161726/CASHFREE/CUST0139,BANK002,CREDIT,GW-161726,47329.15,2026-01-06,NEFT CR-GW-161726-CASHFREE SETTLEMENT-CUST0139
TXN0264,2026-04-23,2026-04-23,27486.24,INR,NEFT CR-GW-551335-Cashfree SETTLEMENT-CUST0235,CMS/GW-551335/CASHFREE/CUST0235,BANK001,CREDIT,GW-551335,27486.24,2026-04-23,NEFT CR-GW-551335-CASHFREE SETTLEMENT-CUST0235
TXN0265,2026-03-25,2026-03-26,24771.31,INR,NEFT CR-GW-883075-Stripe SETTLEMENT-CUST0242,CMS/GW-883075/STRIPE/CUST0242,BANK002,CREDIT,GW-883075,24771.31,2026-03-25,NEFT CR-GW-883075-STRIPE SETTLEMENT-CUST0242
TXN0266,2026-05-05,2026-05-06,34558.83,INR,NEFT CR-GW-642377-Stripe SETTLEMENT-CUST0105,CMS/GW-642377/STRIPE/CUST0105,BANK003,CREDIT,GW-642377,34558.83,2026-05-05,NEFT CR-GW-642377-STRIPE SETTLEMENT-CUST0105
TXN0267,2026-02-25,2026-02-25,98275.53,INR,NEFT CR-GW-970806-Cashfree SETTLEMENT-CUST0007,CMS/GW-970806/CASHFREE/CUST0007,BANK003,CREDIT,GW-970806,98275.53,2026-02-25,NEFT CR-GW-970806-CASHFREE SETTLEMENT-CUST0007
TXN0268,2026-05-23,2026-05-24,194180.18,INR,NEFT CR-GW-145871-Stripe SETTLEMENT-CUST0489,CMS/GW-145871/STRIPE/CUST0489,BANK001,CREDIT,GW-145871,194180.18,2026-05-23,NEFT CR-GW-145871-STRIPE SETTLEMENT-CUST0489
TXN0269,2026-06-27,2026-06-27,122271.01,INR,NEFT CR-GW-639293-Stripe SETTLEMENT-CUST0100,CMS/GW-639293/STRIPE/CUST0100,BANK003,CREDIT,GW-639293,122271.01,2026-06-27,NEFT CR-GW-639293-STRIPE SETTLEMENT-CUST0100
TXN0270,2026-06-28,2026-06-29,72199.66,INR,NEFT CR-GW-688090-Razorpay SETTLEMENT-CUST0480,CMS/GW-688090/RAZORPAY/CUST0480,BANK001,CREDIT,GW-688090,72199.66,2026-06-28,NEFT CR-GW-688090-RAZORPAY SETTLEMENT-CUST0480
TXN0271,2026-01-26,2026-01-27,38099.72,INR,NEFT CR-GW-212015-Stripe SETTLEMENT-CUST0064,CMS/GW-212015/STRIPE/CUST0064,BANK002,CREDIT,GW-212015,38099.72,2026-01-26,NEFT CR-GW-212015-STRIPE SETTLEMENT-CUST0064
TXN0272,2026-05-10,2026-05-11,49091.55,INR,NEFT CR-GW-690649-PayU SETTLEMENT-CUST0119,CMS/GW-690649/PAYU/CUST0119,BANK002,CREDIT,GW-690649,49091.55,2026-05-10,NEFT CR-GW-690649-PAYU SETTLEMENT-CUST0119
TXN0273,2026-01-19,2026-01-20,4008.44,INR,NEFT CR-GW-469270-PayU SETTLEMENT-CUST0377,CMS/GW-469270/PAYU/CUST0377,BANK003,CREDIT,GW-469270,4008.44,2026-01-19,NEFT CR-GW-469270-PAYU SETTLEMENT-CUST0377
TXN0274,2026-03-09,2026-03-10,54760.9,INR,NEFT CR-GW-700145-Stripe SETTLEMENT-CUST0312,CMS/GW-700145/STRIPE/CUST0312,BANK003,CREDIT,GW-700145,54760.9,2026-03-09,NEFT CR-GW-700145-STRIPE SETTLEMENT-CUST0312
TXN0275,2026-02-05,2026-02-05,8051.17,INR,NEFT CR-GW-998673-PayU SETTLEMENT-CUST0242,CMS/GW-998673/PAYU/CUST0242,BANK003,CREDIT,GW-998673,8051.17,2026-02-05,NEFT CR-GW-998673-PAYU SETTLEMENT-CUST0242
TXN0276,2026-02-19,2026-02-19,9781.68,INR,NEFT CR-GW-977621-PayU SETTLEMENT-CUST0038,CMS/GW-977621/PAYU/CUST0038,BANK003,CREDIT,GW-977621,9781.68,2026-02-19,NEFT CR-GW-977621-PAYU SETTLEMENT-CUST0038
TXN0277,2026-05-26,2026-05-26,87502.05,INR,NEFT CR-GW-592537-Razorpay SETTLEMENT-CUST0435,CMS/GW-592537/RAZORPAY/CUST0435,BANK003,CREDIT,GW-592537,87502.05,2026-05-26,NEFT CR-GW-592537-RAZORPAY SETTLEMENT-CUST0435
TXN0278,2026-03-23,2026-03-23,70645.64,INR,NEFT CR-GW-781570-Razorpay SETTLEMENT-CUST0496,CMS/GW-781570/RAZORPAY/CUST0496,BANK003,CREDIT,GW-781570,70645.64,2026-03-23,NEFT CR-GW-781570-RAZORPAY SETTLEMENT-CUST0496
TXN0279,2026-06-11,2026-06-12,14317.3,INR,NEFT CR-GW-553405-Razorpay SETTLEMENT-CUST0282,CMS/GW-553405/RAZORPAY/CUST0282,BANK003,CREDIT,GW-553405,14317.3,2026-06-11,NEFT CR-GW-553405-RAZORPAY SETTLEMENT-CUST0282
TXN0280,2026-05-01,2026-05-02,4017.37,INR,NEFT CR-GW-439293-Stripe SETTLEMENT-CUST0462,CMS/GW-439293/STRIPE/CUST0462,BANK003,CREDIT,GW-439293,4017.37,2026-05-01,NEFT CR-GW-439293-STRIPE SETTLEMENT-CUST0462
TXN0281,2026-02-10,2026-02-10,67793.09,INR,NEFT CR-GW-374761-Cashfree SETTLEMENT-CUST0189,CMS/GW-374761/CASHFREE/CUST0189,BANK001,CREDIT,GW-374761,67793.09,2026-02-10,NEFT CR-GW-374761-CASHFREE SETTLEMENT-CUST0189
TXN0282,2026-01-09,2026-01-10,1597.25,INR,NEFT CR-GW-510979-Cashfree SETTLEMENT-CUST0491,CMS/GW-510979/CASHFREE/CUST0491,BANK002,CREDIT,GW-510979,1597.25,2026-01-09,NEFT CR-GW-510979-CASHFREE SETTLEMENT-CUST0491
TXN0283,2026-01-12,2026-01-12,3201.68,INR,NEFT CR-GW-756391-Razorpay SETTLEMENT-CUST0222,CMS/GW-756391/RAZORPAY/CUST0222,BANK002,CREDIT,GW-756391,3201.68,2026-01-12,NEFT CR-GW-756391-RAZORPAY SETTLEMENT-CUST0222
TXN0284,2026-05-14,2026-05-15,65102.69,INR,NEFT CR-GW-989404-PayU SETTLEMENT-CUST0385,CMS/GW-989404/PAYU/CUST0385,BANK003,CREDIT,GW-989404,65102.69,2026-05-14,NEFT CR-GW-989404-PAYU SETTLEMENT-CUST0385
TXN0285,2026-06-10,2026-06-11,18449.01,INR,NEFT CR-GW-999555-Razorpay SETTLEMENT-CUST0190,CMS/GW-999555/RAZORPAY/CUST0190,BANK003,CREDIT,GW-999555,18449.01,2026-06-10,NEFT CR-GW-999555-RAZORPAY SETTLEMENT-CUST0190
TXN0286,2026-04-19,2026-04-20,41156.39,INR,NEFT CR-GW-113122-Razorpay SETTLEMENT-CUST0277,CMS/GW-113122/RAZORPAY/CUST0277,BANK003,CREDIT,GW-113122,41156.39,2026-04-19,NEFT CR-GW-113122-RAZORPAY SETTLEMENT-CUST0277
TXN0287,2026-06-21,2026-06-21,4195.37,INR,NEFT CR-GW-105812-PayU SETTLEMENT-CUST0364,CMS/GW-105812/PAYU/CUST0364,BANK001,CREDIT,GW-105812,4195.37,2026-06-21,NEFT CR-GW-105812-PAYU SETTLEMENT-CUST0364
TXN0288,2026-01-10,2026-01-11,8897.32,INR,NEFT CR-GW-856303-Cashfree SETTLEMENT-CUST0099,CMS/GW-856303/CASHFREE/CUST0099,BANK003,CREDIT,GW-856303,8897.32,2026-01-10,NEFT CR-GW-856303-CASHFREE SETTLEMENT-CUST0099
TXN0289,2026-06-16,2026-06-17,31429.69,INR,NEFT CR-GW-609954-Razorpay SETTLEMENT-CUST0256,CMS/GW-609954/RAZORPAY/CUST0256,BANK002,CREDIT,GW-609954,31429.69,2026-06-16,NEFT CR-GW-609954-RAZORPAY SETTLEMENT-CUST0256
TXN0290,2026-06-02,2026-06-03,186879.35,INR,NEFT CR-GW-433130-Razorpay SETTLEMENT-CUST0327,CMS/GW-433130/RAZORPAY/CUST0327,BANK002,CREDIT,GW-433130,186879.35,2026-06-02,NEFT CR-GW-433130-RAZORPAY SETTLEMENT-CUST0327
TXN0291,2026-02-17,2026-02-17,113526.36,INR,NEFT CR-GW-192260-Razorpay SETTLEMENT-CUST0281,CMS/GW-192260/RAZORPAY/CUST0281,BANK001,CREDIT,GW-192260,113526.36,2026-02-17,NEFT CR-GW-192260-RAZORPAY SETTLEMENT-CUST0281
TXN0292,2026-06-23,2026-06-23,80780.99,INR,NEFT CR-GW-833225-Cashfree SETTLEMENT-CUST0146,CMS/GW-833225/CASHFREE/CUST0146,BANK001,CREDIT,GW-833225,80780.99,2026-06-23,NEFT CR-GW-833225-CASHFREE SETTLEMENT-CUST0146
TXN0293,2026-03-06,2026-03-07,116355.12,INR,NEFT CR-GW-825708-Cashfree SETTLEMENT-CUST0096,CMS/GW-825708/CASHFREE/CUST0096,BANK001,CREDIT,GW-825708,116355.12,2026-03-06,NEFT CR-GW-825708-CASHFREE SETTLEMENT-CUST0096
TXN0294,2026-05-02,2026-05-02,197650.65,INR,NEFT CR-GW-147284-PayU SETTLEMENT-CUST0307,CMS/GW-147284/PAYU/CUST0307,BANK002,CREDIT,GW-147284,197650.65,2026-05-02,NEFT CR-GW-147284-PAYU SETTLEMENT-CUST0307
TXN0295,2026-05-29,2026-05-29,12266.03,INR,NEFT CR-GW-953354-Razorpay SETTLEMENT-CUST0333,CMS/GW-953354/RAZORPAY/CUST0333,BANK003,CREDIT,GW-953354,12266.03,2026-05-29,NEFT CR-GW-953354-RAZORPAY SETTLEMENT-CUST0333
TXN0296,2026-01-18,2026-01-19,24427.77,INR,NEFT CR-GW-168450-PayU SETTLEMENT-CUST0317,CMS/GW-168450/PAYU/CUST0317,BANK003,CREDIT,GW-168450,24427.77,2026-01-18,NEFT CR-GW-168450-PAYU SETTLEMENT-CUST0317
TXN0297,2026-04-06,2026-04-07,2726.7,INR,NEFT CR-GW-994913-Stripe SETTLEMENT-CUST0320,CMS/GW-994913/STRIPE/CUST0320,BANK003,CREDIT,GW-994913,2726.7,2026-04-06,NEFT CR-GW-994913-STRIPE SETTLEMENT-CUST0320
TXN0298,2026-05-10,2026-05-11,44467.95,INR,NEFT CR-GW-785803-PayU SETTLEMENT-CUST0369,CMS/GW-785803/PAYU/CUST0369,BANK003,CREDIT,GW-785803,44467.95,2026-05-10,NEFT CR-GW-785803-PAYU SETTLEMENT-CUST0369
TXN0299,2026-05-30,2026-05-30,3659.99,INR,NEFT CR-GW-457386-Cashfree SETTLEMENT-CUST0213,CMS/GW-457386/CASHFREE/CUST0213,BANK003,CREDIT,GW-457386,3659.99,2026-05-30,NEFT CR-GW-457386-CASHFREE SETTLEMENT-CUST0213
TXN0300,2026-06-05,2026-06-06,15214.19,INR,NEFT CR-GW-547562-Razorpay SETTLEMENT-CUST0459,CMS/GW-547562/RAZORPAY/CUST0459,BANK001,CREDIT,GW-547562,15214.19,2026-06-05,NEFT CR-GW-547562-RAZORPAY SETTLEMENT-CUST0459
TXN0301,2026-04-18,2026-04-18,3567.2,INR,NEFT CR-GW-767571-Cashfree SETTLEMENT-CUST0276,CMS/GW-767571/CASHFREE/CUST0276,BANK001,CREDIT,GW-767571,3567.2,2026-04-18,NEFT CR-GW-767571-CASHFREE SETTLEMENT-CUST0276
TXN0302,2026-07-01,2026-07-02,43252.86,INR,NEFT CR-GW-438762-Stripe SETTLEMENT-CUST0216,CMS/GW-438762/STRIPE/CUST0216,BANK001,CREDIT,GW-438762,43252.86,2026-07-01,NEFT CR-GW-438762-STRIPE SETTLEMENT-CUST0216
TXN0303,2026-03-27,2026-03-27,18828.92,INR,NEFT CR-GW-657714-PayU SETTLEMENT-CUST0351,CMS/GW-657714/PAYU/CUST0351,BANK002,CREDIT,GW-657714,18828.92,2026-03-27,NEFT CR-GW-657714-PAYU SETTLEMENT-CUST0351
TXN0304,2026-05-04,2026-05-04,95623.01,INR,NEFT CR-GW-975553-Razorpay SETTLEMENT-CUST0167,CMS/GW-975553/RAZORPAY/CUST0167,BANK003,CREDIT,GW-975553,95623.01,2026-05-04,NEFT CR-GW-975553-RAZORPAY SETTLEMENT-CUST0167
TXN0305,2026-06-05,2026-06-06,75946.55,INR,NEFT CR-GW-206571-Cashfree SETTLEMENT-CUST0013,CMS/GW-206571/CASHFREE/CUST0013,BANK001,CREDIT,GW-206571,75946.55,2026-06-05,NEFT CR-GW-206571-CASHFREE SETTLEMENT-CUST0013
TXN0306,2026-05-26,2026-05-26,3512.43,INR,NEFT CR-GW-234896-PayU SETTLEMENT-CUST0305,CMS/GW-234896/PAYU/CUST0305,BANK001,CREDIT,GW-234896,3512.43,2026-05-26,NEFT CR-GW-234896-PAYU SETTLEMENT-CUST0305
TXN0307,2026-01-15,2026-01-16,51345.63,INR,NEFT CR-GW-373440-Stripe SETTLEMENT-CUST0283,CMS/GW-373440/STRIPE/CUST0283,BANK001,CREDIT,GW-373440,51345.63,2026-01-15,NEFT CR-GW-373440-STRIPE SETTLEMENT-CUST0283
TXN0308,2026-02-12,2026-02-12,10597.51,INR,NEFT CR-GW-978560-PayU SETTLEMENT-CUST0415,CMS/GW-978560/PAYU/CUST0415,BANK001,CREDIT,GW-978560,10597.51,2026-02-12,NEFT CR-GW-978560-PAYU SETTLEMENT-CUST0415
TXN0309,2026-06-16,2026-06-17,3361.44,INR,NEFT CR-GW-359449-Cashfree SETTLEMENT-CUST0134,CMS/GW-359449/CASHFREE/CUST0134,BANK001,CREDIT,GW-359449,3361.44,2026-06-16,NEFT CR-GW-359449-CASHFREE SETTLEMENT-CUST0134
TXN0310,2026-03-13,2026-03-13,4570.29,INR,NEFT CR-GW-491533-Stripe SETTLEMENT-CUST0111,CMS/GW-491533/STRIPE/CUST0111,BANK003,CREDIT,GW-491533,4570.29,2026-03-13,NEFT CR-GW-491533-STRIPE SETTLEMENT-CUST0111
TXN0311,2026-04-20,2026-04-21,79090.86,INR,NEFT CR-GW-369406-Razorpay SETTLEMENT-CUST0256,CMS/GW-369406/RAZORPAY/CUST0256,BANK002,CREDIT,GW-369406,79090.86,2026-04-20,NEFT CR-GW-369406-RAZORPAY SETTLEMENT-CUST0256
TXN0312,2026-03-14,2026-03-14,4570.29,INR,NEFT CR-GW-491533-Stripe SETTLEMENT-CUST0111,CMS/GW-491533/STRIPE/CUST0111,BANK002,CREDIT,GW-491533,4570.29,2026-03-14,NEFT CR-GW-491533-STRIPE SETTLEMENT-CUST0111
TXN0313,2026-01-20,2026-01-20,91204.73,INR,NEFT CR-GW-250500-Stripe SETTLEMENT-CUST0470,CMS/GW-250500/STRIPE/CUST0470,BANK003,CREDIT,GW-250500,91204.73,2026-01-20,NEFT CR-GW-250500-STRIPE SETTLEMENT-CUST0470
TXN0314,2026-01-19,2026-01-20,61403.4,INR,NEFT CR-GW-746657-Cashfree SETTLEMENT-CUST0392,CMS/GW-746657/CASHFREE/CUST0392,BANK003,CREDIT,GW-746657,61403.4,2026-01-19,NEFT CR-GW-746657-CASHFREE SETTLEMENT-CUST0392
TXN0315,2026-06-05,2026-06-06,9384.65,INR,NEFT CR-GW-307221-Cashfree SETTLEMENT-CUST0319,CMS/GW-307221/CASHFREE/CUST0319,BANK001,CREDIT,GW-307221,9384.65,2026-06-05,NEFT CR-GW-307221-CASHFREE SETTLEMENT-CUST0319
TXN0316,2026-05-29,2026-05-30,2505.09,INR,NEFT CR-GW-716176-PayU SETTLEMENT-CUST0017,CMS/GW-716176/PAYU/CUST0017,BANK002,CREDIT,GW-716176,2505.09,2026-05-29,NEFT CR-GW-716176-PAYU SETTLEMENT-CUST0017
TXN0317,2026-03-15,2026-03-16,2922.25,INR,NEFT CR-GW-454831-Stripe SETTLEMENT-CUST0007,CMS/GW-454831/STRIPE/CUST0007,BANK003,CREDIT,GW-454831,2922.25,2026-03-15,NEFT CR-GW-454831-STRIPE SETTLEMENT-CUST0007
TXN0318,2026-04-11,2026-04-11,86065.84,INR,NEFT CR-GW-692136-Razorpay SETTLEMENT-CUST0347,CMS/GW-692136/RAZORPAY/CUST0347,BANK003,CREDIT,GW-692136,86065.84,2026-04-11,NEFT CR-GW-692136-RAZORPAY SETTLEMENT-CUST0347
TXN0319,2026-03-30,2026-03-30,199489.06,INR,NEFT CR-GW-933393-Razorpay SETTLEMENT-CUST0075,CMS/GW-933393/RAZORPAY/CUST0075,BANK002,CREDIT,GW-933393,199489.06,2026-03-30,NEFT CR-GW-933393-RAZORPAY SETTLEMENT-CUST0075
TXN0320,2026-07-13,2026-07-14,108467.95,INR,NEFT CR-GW-104159-Stripe SETTLEMENT-CUST0133,CMS/GW-104159/STRIPE/CUST0133,BANK003,CREDIT,GW-104159,108467.95,2026-07-13,NEFT CR-GW-104159-STRIPE SETTLEMENT-CUST0133
TXN0321,2026-06-20,2026-06-21,140726.92,INR,NEFT CR-GW-348352-Cashfree SETTLEMENT-CUST0398,CMS/GW-348352/CASHFREE/CUST0398,BANK001,CREDIT,GW-348352,140726.92,2026-06-20,NEFT CR-GW-348352-CASHFREE SETTLEMENT-CUST0398
TXN0322,2026-05-20,2026-05-20,176303.9,INR,NEFT CR-GW-191681-Stripe SETTLEMENT-CUST0266,CMS/GW-191681/STRIPE/CUST0266,BANK002,CREDIT,GW-191681,176303.9,2026-05-20,NEFT CR-GW-191681-STRIPE SETTLEMENT-CUST0266
TXN0323,2026-04-19,2026-04-19,79090.86,INR,NEFT CR-GW-369406-Razorpay SETTLEMENT-CUST0256,CMS/GW-369406/RAZORPAY/CUST0256,BANK002,CREDIT,GW-369406,79090.86,2026-04-19,NEFT CR-GW-369406-RAZORPAY SETTLEMENT-CUST0256
TXN0324,2026-06-21,2026-06-21,3497.7,INR,NEFT CR-GW-256127-Cashfree SETTLEMENT-CUST0147,CMS/GW-256127/CASHFREE/CUST0147,BANK001,CREDIT,GW-256127,3497.7,2026-06-21,NEFT CR-GW-256127-CASHFREE SETTLEMENT-CUST0147
TXN0325,2026-03-10,2026-03-11,4822.63,INR,NEFT CR-GW-453985-Stripe SETTLEMENT-CUST0395,CMS/GW-453985/STRIPE/CUST0395,BANK003,CREDIT,GW-453985,4822.63,2026-03-10,NEFT CR-GW-453985-STRIPE SETTLEMENT-CUST0395
TXN0326,2026-05-02,2026-05-02,871.48,INR,NEFT CR-GW-320165-PayU SETTLEMENT-CUST0482,CMS/GW-320165/PAYU/CUST0482,BANK003,CREDIT,GW-320165,871.48,2026-05-02,NEFT CR-GW-320165-PAYU SETTLEMENT-CUST0482
TXN0327,2026-02-27,2026-02-27,1871.84,INR,NEFT CR-GW-820595-Stripe SETTLEMENT-CUST0335,CMS/GW-820595/STRIPE/CUST0335,BANK003,CREDIT,GW-820595,1871.84,2026-02-27,NEFT CR-GW-820595-STRIPE SETTLEMENT-CUST0335
TXN0328,2026-05-07,2026-05-08,125593.84,INR,NEFT CR-GW-540812-Cashfree SETTLEMENT-CUST0415,CMS/GW-540812/CASHFREE/CUST0415,BANK002,CREDIT,GW-540812,125593.84,2026-05-07,NEFT CR-GW-540812-CASHFREE SETTLEMENT-CUST0415
TXN0329,2026-01-24,2026-01-25,163172.97,INR,NEFT CR-GW-426236-PayU SETTLEMENT-CUST0066,CMS/GW-426236/PAYU/CUST0066,BANK002,CREDIT,GW-426236,163172.97,2026-01-24,NEFT CR-GW-426236-PAYU SETTLEMENT-CUST0066
TXN0330,2026-04-06,2026-04-07,154690.62,INR,NEFT CR-GW-491805-Stripe SETTLEMENT-CUST0292,CMS/GW-491805/STRIPE/CUST0292,BANK001,CREDIT,GW-491805,154690.62,2026-04-06,NEFT CR-GW-491805-STRIPE SETTLEMENT-CUST0292
TXN0331,2026-06-13,2026-06-13,72935.41,INR,NEFT CR-GW-995284-Stripe SETTLEMENT-CUST0126,CMS/GW-995284/STRIPE/CUST0126,BANK001,CREDIT,GW-995284,72935.41,2026-06-13,NEFT CR-GW-995284-STRIPE SETTLEMENT-CUST0126
TXN0332,2026-06-16,2026-06-16,4994.74,INR,NEFT CR-GW-362258-Stripe SETTLEMENT-CUST0412,CMS/GW-362258/STRIPE/CUST0412,BANK003,CREDIT,GW-362258,4994.74,2026-06-16,NEFT CR-GW-362258-STRIPE SETTLEMENT-CUST0412
TXN0333,2026-01-15,2026-01-16,3536.78,INR,NEFT CR-GW-126000-Razorpay SETTLEMENT-CUST0321,CMS/GW-126000/RAZORPAY/CUST0321,BANK002,CREDIT,GW-126000,3536.78,2026-01-15,NEFT CR-GW-126000-RAZORPAY SETTLEMENT-CUST0321
TXN0334,2026-04-09,2026-04-10,2411.19,INR,NEFT CR-GW-163644-Cashfree SETTLEMENT-CUST0162,CMS/GW-163644/CASHFREE/CUST0162,BANK001,CREDIT,GW-163644,2411.19,2026-04-09,NEFT CR-GW-163644-CASHFREE SETTLEMENT-CUST0162
TXN0335,2026-04-25,2026-04-26,112630.02,INR,NEFT CR-GW-277360-Razorpay SETTLEMENT-CUST0205,CMS/GW-277360/RAZORPAY/CUST0205,BANK003,CREDIT,GW-277360,112630.02,2026-04-25,NEFT CR-GW-277360-RAZORPAY SETTLEMENT-CUST0205
TXN0336,2026-02-26,2026-02-27,29018.7,INR,NEFT CR-GW-755268-PayU SETTLEMENT-CUST0125,CMS/GW-755268/PAYU/CUST0125,BANK001,CREDIT,GW-755268,29018.7,2026-02-26,NEFT CR-GW-755268-PAYU SETTLEMENT-CUST0125
TXN0337,2026-02-02,2026-02-03,7121.7,INR,NEFT CR-GW-982444-Cashfree SETTLEMENT-CUST0076,CMS/GW-982444/CASHFREE/CUST0076,BANK002,CREDIT,GW-982444,7121.7,2026-02-02,NEFT CR-GW-982444-CASHFREE SETTLEMENT-CUST0076
TXN0338,2026-03-04,2026-03-04,3587.13,INR,NEFT CR-GW-852843-Razorpay SETTLEMENT-CUST0219,CMS/GW-852843/RAZORPAY/CUST0219,BANK003,CREDIT,GW-852843,3587.13,2026-03-04,NEFT CR-GW-852843-RAZORPAY SETTLEMENT-CUST0219
TXN0339,2026-03-12,2026-03-12,2851.95,INR,NEFT CR-GW-609142-Razorpay SETTLEMENT-CUST0387,CMS/GW-609142/RAZORPAY/CUST0387,BANK002,CREDIT,GW-609142,2851.95,2026-03-12,NEFT CR-GW-609142-RAZORPAY SETTLEMENT-CUST0387
TXN0340,2026-04-08,2026-04-08,40391.78,INR,NEFT CR-GW-612452-Razorpay SETTLEMENT-CUST0441,CMS/GW-612452/RAZORPAY/CUST0441,BANK001,CREDIT,GW-612452,40391.78,2026-04-08,NEFT CR-GW-612452-RAZORPAY SETTLEMENT-CUST0441
TXN0341,2026-04-25,2026-04-25,69497.81,INR,NEFT CR-GW-514560-Cashfree SETTLEMENT-CUST0075,CMS/GW-514560/CASHFREE/CUST0075,BANK002,CREDIT,GW-514560,69497.81,2026-04-25,NEFT CR-GW-514560-CASHFREE SETTLEMENT-CUST0075
TXN0342,2026-01-23,2026-01-23,124401.11,INR,NEFT CR-GW-984478-Cashfree SETTLEMENT-CUST0059,CMS/GW-984478/CASHFREE/CUST0059,BANK002,CREDIT,GW-984478,124401.11,2026-01-23,NEFT CR-GW-984478-CASHFREE SETTLEMENT-CUST0059
TXN0343,2026-01-11,2026-01-11,85015.03,INR,NEFT CR-GW-570352-Razorpay SETTLEMENT-CUST0375,CMS/GW-570352/RAZORPAY/CUST0375,BANK002,CREDIT,GW-570352,85015.03,2026-01-11,NEFT CR-GW-570352-RAZORPAY SETTLEMENT-CUST0375
TXN0344,2026-04-20,2026-04-20,76470.17,INR,NEFT CR-GW-288438-PayU SETTLEMENT-CUST0401,CMS/GW-288438/PAYU/CUST0401,BANK003,CREDIT,GW-288438,76470.17,2026-04-20,NEFT CR-GW-288438-PAYU SETTLEMENT-CUST0401
TXN0345,2026-02-19,2026-02-20,176273.22,INR,NEFT CR-GW-337943-Cashfree SETTLEMENT-CUST0278,CMS/GW-337943/CASHFREE/CUST0278,BANK002,CREDIT,GW-337943,176273.22,2026-02-19,NEFT CR-GW-337943-CASHFREE SETTLEMENT-CUST0278
TXN0346,2026-03-21,2026-03-22,23098.14,INR,NEFT CR-GW-641365-Razorpay SETTLEMENT-CUST0019,CMS/GW-641365/RAZORPAY/CUST0019,BANK001,CREDIT,GW-641365,23098.14,2026-03-21,NEFT CR-GW-641365-RAZORPAY SETTLEMENT-CUST0019
TXN0347,2026-02-10,2026-02-11,171371.15,INR,NEFT CR-GW-957545-PayU SETTLEMENT-CUST0213,CMS/GW-957545/PAYU/CUST0213,BANK002,CREDIT,GW-957545,171371.15,2026-02-10,NEFT CR-GW-957545-PAYU SETTLEMENT-CUST0213
TXN0348,2026-06-10,2026-06-11,58914.36,INR,NEFT CR-GW-650318-PayU SETTLEMENT-CUST0025,CMS/GW-650318/PAYU/CUST0025,BANK001,CREDIT,GW-650318,58914.36,2026-06-10,NEFT CR-GW-650318-PAYU SETTLEMENT-CUST0025
TXN0349,2026-03-09,2026-03-10,54760.9,INR,NEFT CR-GW-700145-Stripe SETTLEMENT-CUST0312,CMS/GW-700145/STRIPE/CUST0312,BANK001,CREDIT,GW-700145,54760.9,2026-03-09,NEFT CR-GW-700145-STRIPE SETTLEMENT-CUST0312
TXN0350,2026-03-19,2026-03-20,19074.74,INR,NEFT CR-GW-988946-PayU SETTLEMENT-CUST0011,CMS/GW-988946/PAYU/CUST0011,BANK001,CREDIT,GW-988946,19074.74,2026-03-19,NEFT CR-GW-988946-PAYU SETTLEMENT-CUST0011
TXN0351,2026-05-01,2026-05-01,70124.9,INR,NEFT CR-GW-274477-Cashfree SETTLEMENT-CUST0500,CMS/GW-274477/CASHFREE/CUST0500,BANK003,CREDIT,GW-274477,70124.9,2026-05-01,NEFT CR-GW-274477-CASHFREE SETTLEMENT-CUST0500
TXN0352,2026-01-06,2026-01-06,1115.07,INR,NEFT CR-GW-699552-Cashfree SETTLEMENT-CUST0348,CMS/GW-699552/CASHFREE/CUST0348,BANK003,CREDIT,GW-699552,1115.07,2026-01-06,NEFT CR-GW-699552-CASHFREE SETTLEMENT-CUST0348
TXN0353,2026-02-02,2026-02-03,61443.3,INR,NEFT CR-GW-327582-Razorpay SETTLEMENT-CUST0130,CMS/GW-327582/RAZORPAY/CUST0130,BANK003,CREDIT,GW-327582,61443.3,2026-02-02,NEFT CR-GW-327582-RAZORPAY SETTLEMENT-CUST0130
TXN0354,2026-06-13,2026-06-13,105372.26,INR,NEFT CR-GW-661921-Stripe SETTLEMENT-CUST0275,CMS/GW-661921/STRIPE/CUST0275,BANK001,CREDIT,GW-661921,105372.26,2026-06-13,NEFT CR-GW-661921-STRIPE SETTLEMENT-CUST0275
TXN0355,2026-05-06,2026-05-07,14579.87,INR,NEFT CR-GW-569040-PayU SETTLEMENT-CUST0045,CMS/GW-569040/PAYU/CUST0045,BANK002,CREDIT,GW-569040,14579.87,2026-05-06,NEFT CR-GW-569040-PAYU SETTLEMENT-CUST0045
TXN0356,2026-06-17,2026-06-18,120103.35,INR,NEFT CR-GW-341794-Stripe SETTLEMENT-CUST0050,CMS/GW-341794/STRIPE/CUST0050,BANK001,CREDIT,GW-341794,120103.35,2026-06-17,NEFT CR-GW-341794-STRIPE SETTLEMENT-CUST0050
TXN0357,2026-02-13,2026-02-13,106877.3,INR,NEFT CR-GW-947585-PayU SETTLEMENT-CUST0137,CMS/GW-947585/PAYU/CUST0137,BANK003,CREDIT,GW-947585,106877.3,2026-02-13,NEFT CR-GW-947585-PAYU SETTLEMENT-CUST0137
TXN0358,2026-04-27,2026-04-27,11445.87,INR,NEFT CR-GW-811789-PayU SETTLEMENT-CUST0032,CMS/GW-811789/PAYU/CUST0032,BANK001,CREDIT,GW-811789,11445.87,2026-04-27,NEFT CR-GW-811789-PAYU SETTLEMENT-CUST0032
TXN0359,2026-04-09,2026-04-09,174890.36,INR,NEFT CR-GW-787573-PayU SETTLEMENT-CUST0196,CMS/GW-787573/PAYU/CUST0196,BANK003,CREDIT,GW-787573,174890.36,2026-04-09,NEFT CR-GW-787573-PAYU SETTLEMENT-CUST0196
TXN0360,2026-01-26,2026-01-27,163172.97,INR,NEFT CR-GW-426236-PayU SETTLEMENT-CUST0066,CMS/GW-426236/PAYU/CUST0066,BANK002,CREDIT,GW-426236,163172.97,2026-01-26,NEFT CR-GW-426236-PAYU SETTLEMENT-CUST0066
TXN0361,2026-06-15,2026-06-15,45524.93,INR,NEFT CR-GW-673901-PayU SETTLEMENT-CUST0198,CMS/GW-673901/PAYU/CUST0198,BANK001,CREDIT,GW-673901,45524.93,2026-06-15,NEFT CR-GW-673901-PAYU SETTLEMENT-CUST0198
TXN0362,2026-06-23,2026-06-24,4429.92,INR,NEFT CR-GW-309139-Razorpay SETTLEMENT-CUST0105,CMS/GW-309139/RAZORPAY/CUST0105,BANK003,CREDIT,GW-309139,4429.92,2026-06-23,NEFT CR-GW-309139-RAZORPAY SETTLEMENT-CUST0105
TXN0363,2026-01-29,2026-01-30,4321.17,INR,NEFT CR-GW-928453-PayU SETTLEMENT-CUST0370,CMS/GW-928453/PAYU/CUST0370,BANK001,CREDIT,GW-928453,4321.17,2026-01-29,NEFT CR-GW-928453-PAYU SETTLEMENT-CUST0370
TXN0364,2026-03-26,2026-03-27,123477.61,INR,NEFT CR-GW-817784-Cashfree SETTLEMENT-CUST0262,CMS/GW-817784/CASHFREE/CUST0262,BANK001,CREDIT,GW-817784,123477.61,2026-03-26,NEFT CR-GW-817784-CASHFREE SETTLEMENT-CUST0262
TXN0365,2026-02-13,2026-02-13,18880.38,INR,NEFT CR-GW-278529-Stripe SETTLEMENT-CUST0459,CMS/GW-278529/STRIPE/CUST0459,BANK003,CREDIT,GW-278529,18880.38,2026-02-13,NEFT CR-GW-278529-STRIPE SETTLEMENT-CUST0459
TXN0366,2026-04-23,2026-04-24,8836.65,INR,NEFT CR-GW-348981-Cashfree SETTLEMENT-CUST0016,CMS/GW-348981/CASHFREE/CUST0016,BANK001,CREDIT,GW-348981,8836.65,2026-04-23,NEFT CR-GW-348981-CASHFREE SETTLEMENT-CUST0016
TXN0367,2026-03-29,2026-03-29,37324.67,INR,NEFT CR-GW-342244-Stripe SETTLEMENT-CUST0464,CMS/GW-342244/STRIPE/CUST0464,BANK001,CREDIT,GW-342244,37324.67,2026-03-29,NEFT CR-GW-342244-STRIPE SETTLEMENT-CUST0464
TXN0368,2026-03-25,2026-03-25,106043.51,INR,NEFT CR-GW-531058-Razorpay SETTLEMENT-CUST0485,CMS/GW-531058/RAZORPAY/CUST0485,BANK001,CREDIT,GW-531058,106043.51,2026-03-25,NEFT CR-GW-531058-RAZORPAY SETTLEMENT-CUST0485
TXN0369,2026-04-16,2026-04-17,2411.31,INR,NEFT CR-GW-903837-Stripe SETTLEMENT-CUST0170,CMS/GW-903837/STRIPE/CUST0170,BANK002,CREDIT,GW-903837,2411.31,2026-04-16,NEFT CR-GW-903837-STRIPE SETTLEMENT-CUST0170
TXN0370,2026-02-03,2026-02-03,77794.24,INR,NEFT CR-GW-684780-Razorpay SETTLEMENT-CUST0050,CMS/GW-684780/RAZORPAY/CUST0050,BANK001,CREDIT,GW-684780,77794.24,2026-02-03,NEFT CR-GW-684780-RAZORPAY SETTLEMENT-CUST0050
TXN0371,2026-08-09,2026-08-10,2035.99,INR,NEFT CR-GW-897451-PayU SETTLEMENT-CUST0231,CMS/GW-897451/PAYU/CUST0231,BANK001,CREDIT,GW-897451,2035.99,2026-08-09,NEFT CR-GW-897451-PAYU SETTLEMENT-CUST0231
TXN0372,2026-04-14,2026-04-14,65174.03,INR,NEFT CR-GW-432056-PayU SETTLEMENT-CUST0217,CMS/GW-432056/PAYU/CUST0217,BANK003,CREDIT,GW-432056,65174.03,2026-04-14,NEFT CR-GW-432056-PAYU SETTLEMENT-CUST0217
TXN0373,2026-04-26,2026-04-26,31884.5,INR,NEFT CR-GW-937533-Razorpay SETTLEMENT-CUST0383,CMS/GW-937533/RAZORPAY/CUST0383,BANK001,CREDIT,GW-937533,31884.5,2026-04-26,NEFT CR-GW-937533-RAZORPAY SETTLEMENT-CUST0383
TXN0374,2026-01-08,2026-01-08,14186.74,INR,NEFT CR-GW-352436-PayU SETTLEMENT-CUST0387,CMS/GW-352436/PAYU/CUST0387,BANK002,CREDIT,GW-352436,14186.74,2026-01-08,NEFT CR-GW-352436-PAYU SETTLEMENT-CUST0387
TXN0375,2026-04-02,2026-04-02,1388.32,INR,NEFT CR-GW-802146-Cashfree SETTLEMENT-CUST0306,CMS/GW-802146/CASHFREE/CUST0306,BANK001,CREDIT,GW-802146,1388.32,2026-04-02,NEFT CR-GW-802146-CASHFREE SETTLEMENT-CUST0306
TXN0376,2026-03-30,2026-03-30,2403.51,INR,NEFT CR-GW-465528-Razorpay SETTLEMENT-CUST0007,CMS/GW-465528/RAZORPAY/CUST0007,BANK001,CREDIT,GW-465528,2403.51,2026-03-30,NEFT CR-GW-465528-RAZORPAY SETTLEMENT-CUST0007
TXN0377,2026-04-07,2026-04-07,133266.2,INR,NEFT CR-GW-996416-Razorpay SETTLEMENT-CUST0110,CMS/GW-996416/RAZORPAY/CUST0110,BANK003,CREDIT,GW-996416,133266.2,2026-04-07,NEFT CR-GW-996416-RAZORPAY SETTLEMENT-CUST0110
TXN0378,2026-06-08,2026-06-08,3166.92,INR,NEFT CR-GW-465618-Stripe SETTLEMENT-CUST0404,CMS/GW-465618/STRIPE/CUST0404,BANK001,CREDIT,GW-465618,3166.92,2026-06-08,NEFT CR-GW-465618-STRIPE SETTLEMENT-CUST0404
TXN0379,2026-04-20,2026-04-20,21415.38,INR,NEFT CR-GW-385914-Razorpay SETTLEMENT-CUST0410,CMS/GW-385914/RAZORPAY/CUST0410,BANK002,CREDIT,GW-385914,21415.38,2026-04-20,NEFT CR-GW-385914-RAZORPAY SETTLEMENT-CUST0410
TXN0380,2026-06-23,2026-06-24,30103.71,INR,NEFT CR-GW-474474-PayU SETTLEMENT-CUST0361,CMS/GW-474474/PAYU/CUST0361,BANK003,CREDIT,GW-474474,30103.71,2026-06-23,NEFT CR-GW-474474-PAYU SETTLEMENT-CUST0361
TXN0381,2026-02-26,2026-02-26,105148.2,INR,NEFT CR-GW-450518-Stripe SETTLEMENT-CUST0175,CMS/GW-450518/STRIPE/CUST0175,BANK002,CREDIT,GW-450518,105148.2,2026-02-26,NEFT CR-GW-450518-STRIPE SETTLEMENT-CUST0175
TXN0382,2026-07-07,2026-07-08,6971.68,INR,NEFT CR-GW-988347-Stripe SETTLEMENT-CUST0493,CMS/GW-988347/STRIPE/CUST0493,BANK002,CREDIT,GW-988347,6971.68,2026-07-07,NEFT CR-GW-988347-STRIPE SETTLEMENT-CUST0493
TXN0383,2026-02-16,2026-02-16,7183.05,INR,NEFT CR-GW-714026-Cashfree SETTLEMENT-CUST0328,CMS/GW-714026/CASHFREE/CUST0328,BANK001,CREDIT,GW-714026,7183.05,2026-02-16,NEFT CR-GW-714026-CASHFREE SETTLEMENT-CUST0328
TXN0384,2026-06-10,2026-06-11,156092.11,INR,NEFT CR-GW-980878-Razorpay SETTLEMENT-CUST0375,CMS/GW-980878/RAZORPAY/CUST0375,BANK001,CREDIT,GW-980878,156092.11,2026-06-10,NEFT CR-GW-980878-RAZORPAY SETTLEMENT-CUST0375
TXN0385,2026-06-29,2026-06-29,67699.65,INR,NEFT CR-GW-353625-Cashfree SETTLEMENT-CUST0115,CMS/GW-353625/CASHFREE/CUST0115,BANK001,CREDIT,GW-353625,67699.65,2026-06-29,NEFT CR-GW-353625-CASHFREE SETTLEMENT-CUST0115
TXN0386,2026-01-29,2026-01-30,1688.98,INR,NEFT CR-GW-467975-PayU SETTLEMENT-CUST0123,CMS/GW-467975/PAYU/CUST0123,BANK003,CREDIT,GW-467975,1688.98,2026-01-29,NEFT CR-GW-467975-PAYU SETTLEMENT-CUST0123
TXN0387,2026-05-04,2026-05-04,3399.06,INR,NEFT CR-GW-766613-Razorpay SETTLEMENT-CUST0435,CMS/GW-766613/RAZORPAY/CUST0435,BANK002,CREDIT,GW-766613,3399.06,2026-05-04,NEFT CR-GW-766613-RAZORPAY SETTLEMENT-CUST0435
TXN0388,2026-06-17,2026-06-17,54692.14,INR,NEFT CR-GW-543422-Cashfree SETTLEMENT-CUST0403,CMS/GW-543422/CASHFREE/CUST0403,BANK001,CREDIT,GW-543422,54692.14,2026-06-17,NEFT CR-GW-543422-CASHFREE SETTLEMENT-CUST0403
TXN0389,2026-02-26,2026-02-26,104212.33,INR,NEFT CR-GW-618268-PayU SETTLEMENT-CUST0051,CMS/GW-618268/PAYU/CUST0051,BANK002,CREDIT,GW-618268,104212.33,2026-02-26,NEFT CR-GW-618268-PAYU SETTLEMENT-CUST0051
TXN0390,2026-07-02,2026-07-02,74971.18,INR,NEFT CR-GW-791160-Stripe SETTLEMENT-CUST0266,CMS/GW-791160/STRIPE/CUST0266,BANK001,CREDIT,GW-791160,74971.18,2026-07-02,NEFT CR-GW-791160-STRIPE SETTLEMENT-CUST0266
TXN0391,2026-01-27,2026-01-28,74391.65,INR,NEFT CR-GW-887917-Razorpay SETTLEMENT-CUST0284,CMS/GW-887917/RAZORPAY/CUST0284,BANK002,CREDIT,GW-887917,74391.65,2026-01-27,NEFT CR-GW-887917-RAZORPAY SETTLEMENT-CUST0284
TXN0392,2026-04-06,2026-04-06,15955.75,INR,NEFT CR-GW-498795-Razorpay SETTLEMENT-CUST0341,CMS/GW-498795/RAZORPAY/CUST0341,BANK003,CREDIT,GW-498795,15955.75,2026-04-06,NEFT CR-GW-498795-RAZORPAY SETTLEMENT-CUST0341
TXN0393,2026-05-18,2026-05-19,6584.57,INR,NEFT CR-GW-711616-PayU SETTLEMENT-CUST0282,CMS/GW-711616/PAYU/CUST0282,BANK002,CREDIT,GW-711616,6584.57,2026-05-18,NEFT CR-GW-711616-PAYU SETTLEMENT-CUST0282
TXN0394,2026-03-07,2026-03-07,2708.86,INR,NEFT CR-GW-233636-Razorpay SETTLEMENT-CUST0378,CMS/GW-233636/RAZORPAY/CUST0378,BANK001,CREDIT,GW-233636,2708.86,2026-03-07,NEFT CR-GW-233636-RAZORPAY SETTLEMENT-CUST0378
TXN0395,2026-02-24,2026-02-25,9152.57,INR,NEFT CR-GW-386422-Cashfree SETTLEMENT-CUST0371,CMS/GW-386422/CASHFREE/CUST0371,BANK003,CREDIT,GW-386422,9152.57,2026-02-24,NEFT CR-GW-386422-CASHFREE SETTLEMENT-CUST0371
TXN0396,2026-06-07,2026-06-08,42334.68,INR,NEFT CR-GW-536522-Cashfree SETTLEMENT-CUST0328,CMS/GW-536522/CASHFREE/CUST0328,BANK003,CREDIT,GW-536522,42334.68,2026-06-07,NEFT CR-GW-536522-CASHFREE SETTLEMENT-CUST0328
TXN0397,2026-04-11,2026-04-11,64079.94,INR,NEFT CR-GW-317159-Cashfree SETTLEMENT-CUST0048,CMS/GW-317159/CASHFREE/CUST0048,BANK003,CREDIT,GW-317159,64079.94,2026-04-11,NEFT CR-GW-317159-CASHFREE SETTLEMENT-CUST0048
TXN0398,2026-03-14,2026-03-14,3602.53,INR,NEFT CR-GW-118855-PayU SETTLEMENT-CUST0208,CMS/GW-118855/PAYU/CUST0208,BANK001,CREDIT,GW-118855,3602.53,2026-03-14,NEFT CR-GW-118855-PAYU SETTLEMENT-CUST0208
TXN0399,2026-06-04,2026-06-04,41110.22,INR,NEFT CR-GW-297863-Cashfree SETTLEMENT-CUST0022,CMS/GW-297863/CASHFREE/CUST0022,BANK003,CREDIT,GW-297863,41110.22,2026-06-04,NEFT CR-GW-297863-CASHFREE SETTLEMENT-CUST0022
TXN0400,2026-06-29,2026-06-30,182256.25,INR,NEFT CR-GW-432236-Cashfree SETTLEMENT-CUST0459,CMS/GW-432236/CASHFREE/CUST0459,BANK001,CREDIT,GW-432236,182256.25,2026-06-29,NEFT CR-GW-432236-CASHFREE SETTLEMENT-CUST0459
TXN0401,2026-05-31,2026-05-31,180857.34,INR,NEFT CR-GW-533054-Stripe SETTLEMENT-CUST0425,CMS/GW-533054/STRIPE/CUST0425,BANK002,CREDIT,GW-533054,180857.34,2026-05-31,NEFT CR-GW-533054-STRIPE SETTLEMENT-CUST0425
TXN0402,2026-03-07,2026-03-07,66644.44,INR,NEFT CR-GW-931346-Stripe SETTLEMENT-CUST0187,CMS/GW-931346/STRIPE/CUST0187,BANK002,CREDIT,GW-931346,66644.44,2026-03-07,NEFT CR-GW-931346-STRIPE SETTLEMENT-CUST0187
TXN0403,2026-03-21,2026-03-21,119814.69,INR,NEFT CR-GW-516884-Stripe SETTLEMENT-CUST0448,CMS/GW-516884/STRIPE/CUST0448,BANK003,CREDIT,GW-516884,119814.69,2026-03-21,NEFT CR-GW-516884-STRIPE SETTLEMENT-CUST0448
TXN0404,2026-05-25,2026-05-25,46730.9,INR,NEFT CR-GW-934213-Stripe SETTLEMENT-CUST0061,CMS/GW-934213/STRIPE/CUST0061,BANK003,CREDIT,GW-934213,46730.9,2026-05-25,NEFT CR-GW-934213-STRIPE SETTLEMENT-CUST0061
TXN0405,2026-03-23,2026-03-23,23098.14,INR,NEFT CR-GW-641365-Razorpay SETTLEMENT-CUST0019,CMS/GW-641365/RAZORPAY/CUST0019,BANK001,CREDIT,GW-641365,23098.14,2026-03-23,NEFT CR-GW-641365-RAZORPAY SETTLEMENT-CUST0019
TXN0406,2026-06-06,2026-06-06,87008.44,INR,NEFT CR-GW-581071-PayU SETTLEMENT-CUST0185,CMS/GW-581071/PAYU/CUST0185,BANK001,CREDIT,GW-581071,87008.44,2026-06-06,NEFT CR-GW-581071-PAYU SETTLEMENT-CUST0185
TXN0407,2026-02-05,2026-02-05,2058.94,INR,NEFT CR-GW-890193-Cashfree SETTLEMENT-CUST0093,CMS/GW-890193/CASHFREE/CUST0093,BANK002,CREDIT,GW-890193,2058.94,2026-02-05,NEFT CR-GW-890193-CASHFREE SETTLEMENT-CUST0093
TXN0408,2026-02-13,2026-02-13,3050.81,INR,NEFT CR-GW-649293-Cashfree SETTLEMENT-CUST0495,CMS/GW-649293/CASHFREE/CUST0495,BANK001,CREDIT,GW-649293,3050.81,2026-02-13,NEFT CR-GW-649293-CASHFREE SETTLEMENT-CUST0495
TXN0409,2026-02-08,2026-02-08,52723.37,INR,NEFT CR-GW-244995-PayU SETTLEMENT-CUST0398,CMS/GW-244995/PAYU/CUST0398,BANK001,CREDIT,GW-244995,52723.37,2026-02-08,NEFT CR-GW-244995-PAYU SETTLEMENT-CUST0398
TXN0410,2026-02-17,2026-02-18,17208.7,INR,NEFT CR-GW-170128-Cashfree SETTLEMENT-CUST0230,CMS/GW-170128/CASHFREE/CUST0230,BANK002,CREDIT,GW-170128,17208.7,2026-02-17,NEFT CR-GW-170128-CASHFREE SETTLEMENT-CUST0230
TXN0411,2026-03-14,2026-03-14,43749.76,INR,NEFT CR-GW-286339-Cashfree SETTLEMENT-CUST0179,CMS/GW-286339/CASHFREE/CUST0179,BANK003,CREDIT,GW-286339,43749.76,2026-03-14,NEFT CR-GW-286339-CASHFREE SETTLEMENT-CUST0179
TXN0412,2026-02-16,2026-02-17,3477.75,INR,NEFT CR-GW-848654-PayU SETTLEMENT-CUST0168,CMS/GW-848654/PAYU/CUST0168,BANK002,CREDIT,GW-848654,3477.75,2026-02-16,NEFT CR-GW-848654-PAYU SETTLEMENT-CUST0168
TXN0413,2026-02-22,2026-02-22,4834.33,INR,NEFT CR-GW-172888-Razorpay SETTLEMENT-CUST0005,CMS/GW-172888/RAZORPAY/CUST0005,BANK002,CREDIT,GW-172888,4834.33,2026-02-22,NEFT CR-GW-172888-RAZORPAY SETTLEMENT-CUST0005
TXN0414,2026-02-16,2026-02-17,125864.49,INR,NEFT CR-GW-751473-PayU SETTLEMENT-CUST0248,CMS/GW-751473/PAYU/CUST0248,BANK001,CREDIT,GW-751473,125864.49,2026-02-16,NEFT CR-GW-751473-PAYU SETTLEMENT-CUST0248
TXN0415,2026-01-18,2026-01-19,19979.36,INR,NEFT CR-GW-982782-Cashfree SETTLEMENT-CUST0245,CMS/GW-982782/CASHFREE/CUST0245,BANK001,CREDIT,GW-982782,19979.36,2026-01-18,NEFT CR-GW-982782-CASHFREE SETTLEMENT-CUST0245
TXN0416,2026-02-18,2026-02-18,57622.43,INR,NEFT CR-GW-770323-PayU SETTLEMENT-CUST0277,CMS/GW-770323/PAYU/CUST0277,BANK001,CREDIT,GW-770323,57622.43,2026-02-18,NEFT CR-GW-770323-PAYU SETTLEMENT-CUST0277
TXN0417,2026-03-31,2026-03-31,3467.2,INR,NEFT CR-GW-987587-PayU SETTLEMENT-CUST0316,CMS/GW-987587/PAYU/CUST0316,BANK002,CREDIT,GW-987587,3467.2,2026-03-31,NEFT CR-GW-987587-PAYU SETTLEMENT-CUST0316
TXN0418,2026-01-07,2026-01-07,7216.73,INR,NEFT CR-GW-408123-Cashfree SETTLEMENT-CUST0308,CMS/GW-408123/CASHFREE/CUST0308,BANK002,CREDIT,GW-408123,7216.73,2026-01-07,NEFT CR-GW-408123-CASHFREE SETTLEMENT-CUST0308
TXN0419,2026-02-09,2026-02-10,13552.57,INR,NEFT CR-GW-570769-PayU SETTLEMENT-CUST0056,CMS/GW-570769/PAYU/CUST0056,BANK002,CREDIT,GW-570769,13552.57,2026-02-09,NEFT CR-GW-570769-PAYU SETTLEMENT-CUST0056
TXN0420,2026-05-27,2026-05-27,6957.41,INR,NEFT CR-GW-287284-Cashfree SETTLEMENT-CUST0447,CMS/GW-287284/CASHFREE/CUST0447,BANK001,CREDIT,GW-287284,6957.41,2026-05-27,NEFT CR-GW-287284-CASHFREE SETTLEMENT-CUST0447
TXN0421,2026-02-18,2026-02-18,6444.26,INR,NEFT CR-GW-489645-Razorpay SETTLEMENT-CUST0493,CMS/GW-489645/RAZORPAY/CUST0493,BANK002,CREDIT,GW-489645,6444.26,2026-02-18,NEFT CR-GW-489645-RAZORPAY SETTLEMENT-CUST0493
TXN0422,2026-01-18,2026-01-19,17634.39,INR,NEFT CR-GW-820247-Cashfree SETTLEMENT-CUST0182,CMS/GW-820247/CASHFREE/CUST0182,BANK001,CREDIT,GW-820247,17634.39,2026-01-18,NEFT CR-GW-820247-CASHFREE SETTLEMENT-CUST0182
TXN0423,2026-06-16,2026-06-17,3094.97,INR,NEFT CR-GW-378169-Razorpay SETTLEMENT-CUST0458,CMS/GW-378169/RAZORPAY/CUST0458,BANK002,CREDIT,GW-378169,3094.97,2026-06-16,NEFT CR-GW-378169-RAZORPAY SETTLEMENT-CUST0458
TXN0424,2026-06-05,2026-06-05,864.94,INR,NEFT CR-GW-659431-PayU SETTLEMENT-CUST0344,CMS/GW-659431/PAYU/CUST0344,BANK002,CREDIT,GW-659431,864.94,2026-06-05,NEFT CR-GW-659431-PAYU SETTLEMENT-CUST0344
TXN0425,2026-06-16,2026-06-17,114215.14,INR,NEFT CR-GW-326813-PayU SETTLEMENT-CUST0130,CMS/GW-326813/PAYU/CUST0130,BANK001,CREDIT,GW-326813,114215.14,2026-06-16,NEFT CR-GW-326813-PAYU SETTLEMENT-CUST0130
TXN0426,2026-02-11,2026-02-11,20156.36,INR,NEFT CR-GW-408604-Stripe SETTLEMENT-CUST0009,CMS/GW-408604/STRIPE/CUST0009,BANK003,CREDIT,GW-408604,20156.36,2026-02-11,NEFT CR-GW-408604-STRIPE SETTLEMENT-CUST0009
TXN0427,2026-05-10,2026-05-11,4966.44,INR,NEFT CR-GW-152148-Razorpay SETTLEMENT-CUST0338,CMS/GW-152148/RAZORPAY/CUST0338,BANK001,CREDIT,GW-152148,4966.44,2026-05-10,NEFT CR-GW-152148-RAZORPAY SETTLEMENT-CUST0338
TXN0428,2026-03-11,2026-03-11,2718.19,INR,NEFT CR-GW-248228-Cashfree SETTLEMENT-CUST0481,CMS/GW-248228/CASHFREE/CUST0481,BANK002,CREDIT,GW-248228,2718.19,2026-03-11,NEFT CR-GW-248228-CASHFREE SETTLEMENT-CUST0481
TXN0429,2026-02-14,2026-02-14,82232.94,INR,NEFT CR-GW-514339-Cashfree SETTLEMENT-CUST0011,CMS/GW-514339/CASHFREE/CUST0011,BANK002,CREDIT,GW-514339,82232.94,2026-02-14,NEFT CR-GW-514339-CASHFREE SETTLEMENT-CUST0011
TXN0430,2026-03-22,2026-03-22,141927.43,INR,NEFT CR-GW-689457-Cashfree SETTLEMENT-CUST0370,CMS/GW-689457/CASHFREE/CUST0370,BANK001,CREDIT,GW-689457,141927.43,2026-03-22,NEFT CR-GW-689457-CASHFREE SETTLEMENT-CUST0370
TXN0431,2026-01-18,2026-01-18,81701.35,INR,NEFT CR-GW-436807-Stripe SETTLEMENT-CUST0475,CMS/GW-436807/STRIPE/CUST0475,BANK001,CREDIT,GW-436807,81701.35,2026-01-18,NEFT CR-GW-436807-STRIPE SETTLEMENT-CUST0475
TXN0432,2026-02-18,2026-02-19,53552.09,INR,NEFT CR-GW-809270-Cashfree SETTLEMENT-CUST0140,CMS/GW-809270/CASHFREE/CUST0140,BANK002,CREDIT,GW-809270,53552.09,2026-02-18,NEFT CR-GW-809270-CASHFREE SETTLEMENT-CUST0140
TXN0433,2026-02-08,2026-02-09,1777.5,INR,NEFT CR-GW-298945-Razorpay SETTLEMENT-CUST0309,CMS/GW-298945/RAZORPAY/CUST0309,BANK003,CREDIT,GW-298945,1777.5,2026-02-08,NEFT CR-GW-298945-RAZORPAY SETTLEMENT-CUST0309
TXN0434,2026-04-23,2026-04-24,3711.22,INR,NEFT CR-GW-499749-Razorpay SETTLEMENT-CUST0019,CMS/GW-499749/RAZORPAY/CUST0019,BANK003,CREDIT,GW-499749,3711.22,2026-04-23,NEFT CR-GW-499749-RAZORPAY SETTLEMENT-CUST0019
TXN0435,2026-01-24,2026-01-24,159820.15,INR,NEFT CR-GW-803479-Razorpay SETTLEMENT-CUST0064,CMS/GW-803479/RAZORPAY/CUST0064,BANK001,CREDIT,GW-803479,159820.15,2026-01-24,NEFT CR-GW-803479-RAZORPAY SETTLEMENT-CUST0064
TXN0436,2026-06-08,2026-06-08,108637.06,INR,NEFT CR-GW-567792-Stripe SETTLEMENT-CUST0194,CMS/GW-567792/STRIPE/CUST0194,BANK002,CREDIT,GW-567792,108637.06,2026-06-08,NEFT CR-GW-567792-STRIPE SETTLEMENT-CUST0194
TXN0437,2026-03-17,2026-03-18,18140.27,INR,NEFT CR-GW-727873-Cashfree SETTLEMENT-CUST0436,CMS/GW-727873/CASHFREE/CUST0436,BANK003,CREDIT,GW-727873,18140.27,2026-03-17,NEFT CR-GW-727873-CASHFREE SETTLEMENT-CUST0436
TXN0438,2026-06-24,2026-06-25,29968.76,INR,NEFT CR-GW-270138-Razorpay SETTLEMENT-CUST0442,CMS/GW-270138/RAZORPAY/CUST0442,BANK003,CREDIT,GW-270138,29968.76,2026-06-24,NEFT CR-GW-270138-RAZORPAY SETTLEMENT-CUST0442
TXN0439,2026-06-23,2026-06-23,9442.28,INR,NEFT CR-GW-631215-Cashfree SETTLEMENT-CUST0426,CMS/GW-631215/CASHFREE/CUST0426,BANK003,CREDIT,GW-631215,9442.28,2026-06-23,NEFT CR-GW-631215-CASHFREE SETTLEMENT-CUST0426
TXN0440,2026-01-31,2026-02-01,148860.81,INR,NEFT CR-GW-921864-Razorpay SETTLEMENT-CUST0288,CMS/GW-921864/RAZORPAY/CUST0288,BANK003,CREDIT,GW-921864,148860.81,2026-01-31,NEFT CR-GW-921864-RAZORPAY SETTLEMENT-CUST0288
TXN0441,2026-02-08,2026-02-09,7248.76,INR,NEFT CR-GW-189525-Razorpay SETTLEMENT-CUST0371,CMS/GW-189525/RAZORPAY/CUST0371,BANK002,CREDIT,GW-189525,7248.76,2026-02-08,NEFT CR-GW-189525-RAZORPAY SETTLEMENT-CUST0371
TXN0442,2026-05-13,2026-05-13,190318.94,INR,NEFT CR-GW-978785-Stripe SETTLEMENT-CUST0418,CMS/GW-978785/STRIPE/CUST0418,BANK002,CREDIT,GW-978785,190318.94,2026-05-13,NEFT CR-GW-978785-STRIPE SETTLEMENT-CUST0418
TXN0443,2026-04-18,2026-04-18,61230.65,INR,NEFT CR-GW-224973-Stripe SETTLEMENT-CUST0197,CMS/GW-224973/STRIPE/CUST0197,BANK001,CREDIT,GW-224973,61230.65,2026-04-18,NEFT CR-GW-224973-STRIPE SETTLEMENT-CUST0197
TXN0444,2026-06-04,2026-06-05,21943.33,INR,NEFT CR-GW-389577-Razorpay SETTLEMENT-CUST0163,CMS/GW-389577/RAZORPAY/CUST0163,BANK003,CREDIT,GW-389577,21943.33,2026-06-04,NEFT CR-GW-389577-RAZORPAY SETTLEMENT-CUST0163
TXN0445,2026-02-24,2026-02-24,2952.37,INR,NEFT CR-GW-359454-Stripe SETTLEMENT-CUST0491,CMS/GW-359454/STRIPE/CUST0491,BANK003,CREDIT,GW-359454,2952.37,2026-02-24,NEFT CR-GW-359454-STRIPE SETTLEMENT-CUST0491
TXN0446,2026-04-02,2026-04-02,143699.79,INR,NEFT CR-GW-931374-Razorpay SETTLEMENT-CUST0445,CMS/GW-931374/RAZORPAY/CUST0445,BANK003,CREDIT,GW-931374,143699.79,2026-04-02,NEFT CR-GW-931374-RAZORPAY SETTLEMENT-CUST0445
TXN0447,2026-05-30,2026-05-31,10993.7,INR,NEFT CR-GW-623736-PayU SETTLEMENT-CUST0017,CMS/GW-623736/PAYU/CUST0017,BANK002,CREDIT,GW-623736,10993.7,2026-05-30,NEFT CR-GW-623736-PAYU SETTLEMENT-CUST0017
TXN0448,2026-02-08,2026-02-08,123024.7,INR,NEFT CR-GW-622189-Stripe SETTLEMENT-CUST0329,CMS/GW-622189/STRIPE/CUST0329,BANK003,CREDIT,GW-622189,123024.7,2026-02-08,NEFT CR-GW-622189-STRIPE SETTLEMENT-CUST0329
TXN0449,2026-02-05,2026-02-06,196882.81,INR,NEFT CR-GW-112220-Cashfree SETTLEMENT-CUST0421,CMS/GW-112220/CASHFREE/CUST0421,BANK003,CREDIT,GW-112220,196882.81,2026-02-05,NEFT CR-GW-112220-CASHFREE SETTLEMENT-CUST0421
TXN0450,2026-01-26,2026-01-26,159043.96,INR,NEFT CR-GW-971270-Stripe SETTLEMENT-CUST0108,CMS/GW-971270/STRIPE/CUST0108,BANK003,CREDIT,GW-971270,159043.96,2026-01-26,NEFT CR-GW-971270-STRIPE SETTLEMENT-CUST0108
TXN0451,2026-03-12,2026-03-12,88034.04,INR,NEFT CR-GW-444489-PayU SETTLEMENT-CUST0446,CMS/GW-444489/PAYU/CUST0446,BANK002,CREDIT,GW-444489,88034.04,2026-03-12,NEFT CR-GW-444489-PAYU SETTLEMENT-CUST0446
TXN0452,2026-04-24,2026-04-24,26880.78,INR,NEFT CR-GW-572524-Stripe SETTLEMENT-CUST0145,CMS/GW-572524/STRIPE/CUST0145,BANK003,CREDIT,GW-572524,26880.78,2026-04-24,NEFT CR-GW-572524-STRIPE SETTLEMENT-CUST0145
TXN0453,2026-02-25,2026-02-26,29018.7,INR,NEFT CR-GW-755268-PayU SETTLEMENT-CUST0125,CMS/GW-755268/PAYU/CUST0125,BANK003,CREDIT,GW-755268,29018.7,2026-02-25,NEFT CR-GW-755268-PAYU SETTLEMENT-CUST0125
TXN0454,2026-01-19,2026-01-19,50113.92,INR,NEFT CR-GW-655618-Cashfree SETTLEMENT-CUST0012,CMS/GW-655618/CASHFREE/CUST0012,BANK001,CREDIT,GW-655618,50113.92,2026-01-19,NEFT CR-GW-655618-CASHFREE SETTLEMENT-CUST0012
TXN0455,2026-02-15,2026-02-16,72296.93,INR,NEFT CR-GW-230313-Cashfree SETTLEMENT-CUST0425,CMS/GW-230313/CASHFREE/CUST0425,BANK002,CREDIT,GW-230313,72296.93,2026-02-15,NEFT CR-GW-230313-CASHFREE SETTLEMENT-CUST0425
TXN0456,2026-01-28,2026-01-29,59872.73,INR,NEFT CR-GW-796415-Cashfree SETTLEMENT-CUST0340,CMS/GW-796415/CASHFREE/CUST0340,BANK003,CREDIT,GW-796415,59872.73,2026-01-28,NEFT CR-GW-796415-CASHFREE SETTLEMENT-CUST0340
TXN0457,2026-05-04,2026-05-04,3623.7,INR,NEFT CR-GW-273912-Stripe SETTLEMENT-CUST0163,CMS/GW-273912/STRIPE/CUST0163,BANK001,CREDIT,GW-273912,3623.7,2026-05-04,NEFT CR-GW-273912-STRIPE SETTLEMENT-CUST0163
TXN0458,2026-04-09,2026-04-10,54190.88,INR,NEFT CR-GW-139786-PayU SETTLEMENT-CUST0437,CMS/GW-139786/PAYU/CUST0437,BANK002,CREDIT,GW-139786,54190.88,2026-04-09,NEFT CR-GW-139786-PAYU SETTLEMENT-CUST0437
TXN0459,2026-05-12,2026-05-12,129220.59,INR,NEFT CR-GW-640981-Stripe SETTLEMENT-CUST0131,CMS/GW-640981/STRIPE/CUST0131,BANK002,CREDIT,GW-640981,129220.59,2026-05-12,NEFT CR-GW-640981-STRIPE SETTLEMENT-CUST0131
TXN0460,2026-06-28,2026-06-28,37711.97,INR,NEFT CR-GW-218640-Cashfree SETTLEMENT-CUST0040,CMS/GW-218640/CASHFREE/CUST0040,BANK001,CREDIT,GW-218640,37711.97,2026-06-28,NEFT CR-GW-218640-CASHFREE SETTLEMENT-CUST0040
TXN0461,2026-02-10,2026-02-11,5181.9,INR,NEFT CR-GW-598829-Razorpay SETTLEMENT-CUST0144,CMS/GW-598829/RAZORPAY/CUST0144,BANK002,CREDIT,GW-598829,5181.9,2026-02-10,NEFT CR-GW-598829-RAZORPAY SETTLEMENT-CUST0144
TXN0462,2026-08-13,2026-08-13,2394.0,INR,NEFT CR-GW-905015-Razorpay SETTLEMENT-CUST0054,CMS/GW-905015/RAZORPAY/CUST0054,BANK001,CREDIT,GW-905015,2394.0,2026-08-13,NEFT CR-GW-905015-RAZORPAY SETTLEMENT-CUST0054
TXN0463,2026-03-01,2026-03-02,45717.34,INR,NEFT CR-GW-213554-Cashfree SETTLEMENT-CUST0152,CMS/GW-213554/CASHFREE/CUST0152,BANK003,CREDIT,GW-213554,45717.34,2026-03-01,NEFT CR-GW-213554-CASHFREE SETTLEMENT-CUST0152
TXN0464,2026-05-31,2026-06-01,1644.39,INR,NEFT CR-GW-913572-Stripe SETTLEMENT-CUST0358,CMS/GW-913572/STRIPE/CUST0358,BANK002,CREDIT,GW-913572,1644.39,2026-05-31,NEFT CR-GW-913572-STRIPE SETTLEMENT-CUST0358
TXN0465,2026-02-07,2026-02-07,105198.62,INR,NEFT CR-GW-207138-PayU SETTLEMENT-CUST0017,CMS/GW-207138/PAYU/CUST0017,BANK003,CREDIT,GW-207138,105198.62,2026-02-07,NEFT CR-GW-207138-PAYU SETTLEMENT-CUST0017
TXN0466,2026-05-08,2026-05-09,10358.1,INR,NEFT CR-GW-233864-Cashfree SETTLEMENT-CUST0251,CMS/GW-233864/CASHFREE/CUST0251,BANK001,CREDIT,GW-233864,10358.1,2026-05-08,NEFT CR-GW-233864-CASHFREE SETTLEMENT-CUST0251
TXN0467,2026-04-05,2026-04-06,41566.52,INR,NEFT CR-GW-529094-Stripe SETTLEMENT-CUST0395,CMS/GW-529094/STRIPE/CUST0395,BANK001,CREDIT,GW-529094,41566.52,2026-04-05,NEFT CR-GW-529094-STRIPE SETTLEMENT-CUST0395
TXN0468,2026-06-20,2026-06-20,19841.83,INR,NEFT CR-GW-201916-Razorpay SETTLEMENT-CUST0357,CMS/GW-201916/RAZORPAY/CUST0357,BANK003,CREDIT,GW-201916,19841.83,2026-06-20,NEFT CR-GW-201916-RAZORPAY SETTLEMENT-CUST0357
TXN0469,2026-04-26,2026-04-27,195177.09,INR,NEFT CR-GW-947668-Razorpay SETTLEMENT-CUST0426,CMS/GW-947668/RAZORPAY/CUST0426,BANK002,CREDIT,GW-947668,195177.09,2026-04-26,NEFT CR-GW-947668-RAZORPAY SETTLEMENT-CUST0426
TXN0470,2026-04-15,2026-04-15,3049.58,INR,NEFT CR-GW-669441-Stripe SETTLEMENT-CUST0179,CMS/GW-669441/STRIPE/CUST0179,BANK003,CREDIT,GW-669441,3049.58,2026-04-15,NEFT CR-GW-669441-STRIPE SETTLEMENT-CUST0179
TXN0471,2026-06-20,2026-06-20,168530.95,INR,NEFT CR-GW-185845-PayU SETTLEMENT-CUST0144,CMS/GW-185845/PAYU/CUST0144,BANK003,CREDIT,GW-185845,168530.95,2026-06-20,NEFT CR-GW-185845-PAYU SETTLEMENT-CUST0144
TXN0472,2026-04-10,2026-04-11,67066.02,INR,NEFT CR-GW-535814-Cashfree SETTLEMENT-CUST0100,CMS/GW-535814/CASHFREE/CUST0100,BANK001,CREDIT,GW-535814,67066.02,2026-04-10,NEFT CR-GW-535814-CASHFREE SETTLEMENT-CUST0100
TXN0473,2026-05-05,2026-05-06,2661.61,INR,NEFT CR-GW-862663-PayU SETTLEMENT-CUST0228,CMS/GW-862663/PAYU/CUST0228,BANK001,CREDIT,GW-862663,2661.61,2026-05-05,NEFT CR-GW-862663-PAYU SETTLEMENT-CUST0228
TXN0474,2026-03-08,2026-03-08,2832.45,INR,NEFT CR-GW-986287-PayU SETTLEMENT-CUST0489,CMS/GW-986287/PAYU/CUST0489,BANK002,CREDIT,GW-986287,2832.45,2026-03-08,NEFT CR-GW-986287-PAYU SETTLEMENT-CUST0489
TXN0475,2026-07-09,2026-07-10,13146.41,INR,NEFT CR-GW-314881-Stripe SETTLEMENT-CUST0299,CMS/GW-314881/STRIPE/CUST0299,BANK002,CREDIT,GW-314881,13146.41,2026-07-09,NEFT CR-GW-314881-STRIPE SETTLEMENT-CUST0299
TXN0476,2026-05-27,2026-05-27,5410.64,INR,NEFT CR-GW-963390-Razorpay SETTLEMENT-CUST0025,CMS/GW-963390/RAZORPAY/CUST0025,BANK003,CREDIT,GW-963390,5410.64,2026-05-27,NEFT CR-GW-963390-RAZORPAY SETTLEMENT-CUST0025
TXN0477,2026-04-25,2026-04-26,13898.66,INR,NEFT CR-GW-258226-Cashfree SETTLEMENT-CUST0227,CMS/GW-258226/CASHFREE/CUST0227,BANK001,CREDIT,GW-258226,13898.66,2026-04-25,NEFT CR-GW-258226-CASHFREE SETTLEMENT-CUST0227
TXN0478,2026-02-18,2026-02-18,38226.09,INR,NEFT CR-GW-849946-Cashfree SETTLEMENT-CUST0076,CMS/GW-849946/CASHFREE/CUST0076,BANK002,CREDIT,GW-849946,38226.09,2026-02-18,NEFT CR-GW-849946-CASHFREE SETTLEMENT-CUST0076
TXN0479,2026-05-08,2026-05-09,22798.81,INR,NEFT CR-GW-989816-Stripe SETTLEMENT-CUST0155,CMS/GW-989816/STRIPE/CUST0155,BANK003,CREDIT,GW-989816,22798.81,2026-05-08,NEFT CR-GW-989816-STRIPE SETTLEMENT-CUST0155
TXN0480,2026-06-11,2026-06-12,55946.25,INR,NEFT CR-GW-966787-PayU SETTLEMENT-CUST0352,CMS/GW-966787/PAYU/CUST0352,BANK003,CREDIT,GW-966787,55946.25,2026-06-11,NEFT CR-GW-966787-PAYU SETTLEMENT-CUST0352
TXN0481,2026-05-09,2026-05-10,41642.41,INR,NEFT CR-GW-391236-Razorpay SETTLEMENT-CUST0460,CMS/GW-391236/RAZORPAY/CUST0460,BANK002,CREDIT,GW-391236,41642.41,2026-05-09,NEFT CR-GW-391236-RAZORPAY SETTLEMENT-CUST0460
TXN0482,2026-06-27,2026-06-28,90431.67,INR,NEFT CR-GW-721794-Stripe SETTLEMENT-CUST0447,CMS/GW-721794/STRIPE/CUST0447,BANK002,CREDIT,GW-721794,90431.67,2026-06-27,NEFT CR-GW-721794-STRIPE SETTLEMENT-CUST0447
TXN0483,2026-03-13,2026-03-13,4494.48,INR,NEFT CR-GW-964190-PayU SETTLEMENT-CUST0278,CMS/GW-964190/PAYU/CUST0278,BANK002,CREDIT,GW-964190,4494.48,2026-03-13,NEFT CR-GW-964190-PAYU SETTLEMENT-CUST0278
TXN0484,2026-01-28,2026-01-29,38147.49,INR,NEFT CR-GW-485026-PayU SETTLEMENT-CUST0205,CMS/GW-485026/PAYU/CUST0205,BANK002,CREDIT,GW-485026,38147.49,2026-01-28,NEFT CR-GW-485026-PAYU SETTLEMENT-CUST0205
TXN0485,2026-03-29,2026-03-30,20810.73,INR,NEFT CR-GW-390302-Cashfree SETTLEMENT-CUST0207,CMS/GW-390302/CASHFREE/CUST0207,BANK003,CREDIT,GW-390302,20810.73,2026-03-29,NEFT CR-GW-390302-CASHFREE SETTLEMENT-CUST0207
TXN0486,2026-05-27,2026-05-28,8914.65,INR,NEFT CR-GW-786682-PayU SETTLEMENT-CUST0128,CMS/GW-786682/PAYU/CUST0128,BANK002,CREDIT,GW-786682,8914.65,2026-05-27,NEFT CR-GW-786682-PAYU SETTLEMENT-CUST0128
TXN0487,2026-03-31,2026-03-31,193974.68,INR,NEFT CR-GW-568343-Razorpay SETTLEMENT-CUST0140,CMS/GW-568343/RAZORPAY/CUST0140,BANK001,CREDIT,GW-568343,193974.68,2026-03-31,NEFT CR-GW-568343-RAZORPAY SETTLEMENT-CUST0140
TXN0488,2026-01-27,2026-01-28,1947.81,INR,NEFT CR-GW-346646-PayU SETTLEMENT-CUST0310,CMS/GW-346646/PAYU/CUST0310,BANK003,CREDIT,GW-346646,1947.81,2026-01-27,NEFT CR-GW-346646-PAYU SETTLEMENT-CUST0310
TXN0489,2026-01-26,2026-01-27,7412.42,INR,NEFT CR-GW-719475-Razorpay SETTLEMENT-CUST0430,CMS/GW-719475/RAZORPAY/CUST0430,BANK002,CREDIT,GW-719475,7412.42,2026-01-26,NEFT CR-GW-719475-RAZORPAY SETTLEMENT-CUST0430
TXN0490,2026-01-10,2026-01-11,1028.66,INR,NEFT CR-GW-238789-PayU SETTLEMENT-CUST0415,CMS/GW-238789/PAYU/CUST0415,BANK003,CREDIT,GW-238789,1028.66,2026-01-10,NEFT CR-GW-238789-PAYU SETTLEMENT-CUST0415
TXN0491,2026-04-30,2026-04-30,33757.57,INR,NEFT CR-GW-302713-Razorpay SETTLEMENT-CUST0494,CMS/GW-302713/RAZORPAY/CUST0494,BANK003,CREDIT,GW-302713,33757.57,2026-04-30,NEFT CR-GW-302713-RAZORPAY SETTLEMENT-CUST0494
TXN0492,2026-06-13,2026-06-13,49323.27,INR,NEFT CR-GW-939246-PayU SETTLEMENT-CUST0190,CMS/GW-939246/PAYU/CUST0190,BANK001,CREDIT,GW-939246,49323.27,2026-06-13,NEFT CR-GW-939246-PAYU SETTLEMENT-CUST0190
TXN0493,2026-01-12,2026-01-13,24159.14,INR,NEFT CR-GW-267939-Stripe SETTLEMENT-CUST0308,CMS/GW-267939/STRIPE/CUST0308,BANK003,CREDIT,GW-267939,24159.14,2026-01-12,NEFT CR-GW-267939-STRIPE SETTLEMENT-CUST0308
TXN0494,2026-02-03,2026-02-03,3695.83,INR,NEFT CR-GW-235427-Stripe SETTLEMENT-CUST0112,CMS/GW-235427/STRIPE/CUST0112,BANK002,CREDIT,GW-235427,3695.83,2026-02-03,NEFT CR-GW-235427-STRIPE SETTLEMENT-CUST0112
TXN0495,2026-05-19,2026-05-19,109427.81,INR,NEFT CR-GW-369021-Razorpay SETTLEMENT-CUST0088,CMS/GW-369021/RAZORPAY/CUST0088,BANK002,CREDIT,GW-369021,109427.81,2026-05-19,NEFT CR-GW-369021-RAZORPAY SETTLEMENT-CUST0088
TXN0496,2026-02-19,2026-02-20,130076.6,INR,NEFT CR-GW-916386-Cashfree SETTLEMENT-CUST0369,CMS/GW-916386/CASHFREE/CUST0369,BANK001,CREDIT,GW-916386,130076.6,2026-02-19,NEFT CR-GW-916386-CASHFREE SETTLEMENT-CUST0369
TXN0497,2026-01-26,2026-01-26,12311.83,INR,NEFT CR-GW-163469-Cashfree SETTLEMENT-CUST0237,CMS/GW-163469/CASHFREE/CUST0237,BANK002,CREDIT,GW-163469,12311.83,2026-01-26,NEFT CR-GW-163469-CASHFREE SETTLEMENT-CUST0237
TXN0498,2026-04-09,2026-04-09,7091.53,INR,NEFT CR-GW-352781-Cashfree SETTLEMENT-CUST0371,CMS/GW-352781/CASHFREE/CUST0371,BANK003,CREDIT,GW-352781,7091.53,2026-04-09,NEFT CR-GW-352781-CASHFREE SETTLEMENT-CUST0371
TXN0499,2026-01-16,2026-01-16,2997.41,INR,NEFT CR-GW-649132-PayU SETTLEMENT-CUST0145,CMS/GW-649132/PAYU/CUST0145,BANK003,CREDIT,GW-649132,2997.41,2026-01-16,NEFT CR-GW-649132-PAYU SETTLEMENT-CUST0145
TXN0500,2026-05-01,2026-05-02,60358.77,INR,NEFT CR-GW-612319-Cashfree SETTLEMENT-CUST0307,CMS/GW-612319/CASHFREE/CUST0307,BANK001,CREDIT,GW-612319,60358.77,2026-05-01,NEFT CR-GW-612319-CASHFREE SETTLEMENT-CUST0307
