transaction_id,payment_id,final_status,reason,amount_match,date_match,ledger_found,ledger_status,payment_status,date_difference,amount_difference,absolute_amount_difference,date_diff,exception_type,date_severity,risk_level,recommended_action,is_exception,bank_amount,payment_amount,normalized_reference,match_status,amount_difference_pct,same_transaction_payment_numeric_id,has_payment_id,transaction_payment_id_delta,has_normalized_reference,high_attention,ml_risk_probability,ml_prediction,ml_risk_level,ml_reason
TXN0001,PAY0001,DATE_MISMATCH,Bank transaction date differs from payment date by 2 days,True,False,True,POSTED,SUCCESS,2.0,0.0,0.0,2.0,SETTLEMENT_DELAY,LOW,LOW,VERIFY_SETTLEMENT_TIMING,True,194659.82,194659.82,GW-188297,MATCHED,0.0,True,1,0,YES,0,0.0359,0,LOW,No major deterministic risk factor detected
TXN0002,PAY0002,LEDGER_EXCEPTION,Ledger entry exists but posting status is PENDING,True,True,True,PENDING,SUCCESS,0.0,0.0,0.0,0.0,LEDGER_EXCEPTION,NOT_APPLICABLE,HIGH,INVESTIGATE_LEDGER,True,16452.59,16452.59,GW-189691,MATCHED,0.0,True,1,0,YES,1,0.9578,1,CRITICAL,Final status is LEDGER_EXCEPTION; Ledger status is PENDING
TXN0003,PAY0003,MATCHED,"Amount, date, payment status and ledger validation passed",True,True,True,POSTED,SUCCESS,0.0,0.0,0.0,0.0,NO_EXCEPTION,NO_DATE_EXCEPTION,LOW,AUTO_RECONCILE,False,41110.22,41110.22,GW-297863,MATCHED,0.0,True,1,0,YES,0,0.0215,0,LOW,No major deterministic risk factor detected
TXN0004,PAY0074,DUPLICATE_PAYMENT,Matching payment was already assigned to another bank transaction,False,False,False,UNKNOWN,UNKNOWN,0.0,0.0,0.0,,DUPLICATE_PAYMENT,NOT_APPLICABLE,HIGH,MANUAL_REVIEW_DUPLICATE,True,38215.48,38215.48,GW-103613,DUPLICATE_PAYMENT,0.0,False,1,70,YES,1,0.9952,1,CRITICAL,Final status is DUPLICATE_PAYMENT
TXN0005,PAY0005,MATCHED,"Amount, date, payment status and ledger validation passed",True,True,True,POSTED,SUCCESS,0.0,0.0,0.0,0.0,NO_EXCEPTION,NO_DATE_EXCEPTION,LOW,AUTO_RECONCILE,False,1616.7,1616.7,GW-746923,MATCHED,0.0,True,1,0,YES,0,0.0208,0,LOW,No major deterministic risk factor detected
TXN0006,PAY0006,MATCHED,"Amount, date, payment status and ledger validation passed",True,True,True,POSTED,SUCCESS,0.0,0.0,0.0,0.0,NO_EXCEPTION,NO_DATE_EXCEPTION,LOW,AUTO_RECONCILE,False,69840.43,69840.43,GW-916889,MATCHED,0.0,True,1,0,YES,0,0.0219,0,LOW,No major deterministic risk factor detected
TXN0007,PAY0007,MATCHED,"Amount, date, payment status and ledger validation passed",True,True,True,POSTED,SUCCESS,0.0,0.0,0.0,0.0,NO_EXCEPTION,NO_DATE_EXCEPTION,LOW,AUTO_RECONCILE,False,187773.26,187773.26,GW-285328,MATCHED,0.0,True,1,0,YES,0,0.024,0,LOW,No major deterministic risk factor detected
TXN0008,PAY0008,PAYMENT_REFUNDED,Payment gateway status is REFUNDED,True,True,True,POSTED,REFUNDED,0.0,0.0,0.0,0.0,PAYMENT_REFUNDED,NOT_APPLICABLE,HIGH,REVIEW_REFUND,True,168333.25,168333.25,GW-976238,MATCHED,0.0,True,1,0,YES,1,0.936,1,CRITICAL,Final status is PAYMENT_REFUNDED; Payment status is REFUNDED
TXN0009,PAY0009,DATE_MISMATCH,Bank transaction date differs from payment date by 1 days,True,False,True,POSTED,SUCCESS,1.0,0.0,0.0,1.0,SETTLEMENT_DELAY,LOW,LOW,VERIFY_SETTLEMENT_TIMING,True,32890.57,32890.57,GW-763949,MATCHED,0.0,True,1,0,YES,0,0.0278,0,LOW,No major deterministic risk factor detected
TXN0010,PAY0010,AMOUNT_MISMATCH,Bank reference matched a payment candidate but amounts differ,False,False,False,UNKNOWN,UNKNOWN,0.0,0.0,0.0,,AMOUNT_MISMATCH,NOT_APPLICABLE,HIGH,INVESTIGATE_AMOUNT_DIFFERENCE,True,10973.57,21947.13,GW-779713,AMOUNT_MISMATCH,0.0,True,1,0,YES,1,0.9926,1,CRITICAL,Final status is AMOUNT_MISMATCH
TXN0011,PAY0011,MATCHED,"Amount, date, payment status and ledger validation passed",True,True,True,POSTED,SUCCESS,0.0,0.0,0.0,0.0,NO_EXCEPTION,NO_DATE_EXCEPTION,LOW,AUTO_RECONCILE,False,179950.63,179950.63,GW-112324,MATCHED,0.0,True,1,0,YES,0,0.0239,0,LOW,No major deterministic risk factor detected
TXN0012,PAY0012,MATCHED,"Amount, date, payment status and ledger validation passed",True,True,True,POSTED,SUCCESS,0.0,0.0,0.0,0.0,NO_EXCEPTION,NO_DATE_EXCEPTION,LOW,AUTO_RECONCILE,False,17456.51,17456.51,GW-200236,MATCHED,0.0,True,1,0,YES,0,0.0211,0,LOW,No major deterministic risk factor detected
TXN0013,PAY0013,DATE_MISMATCH,Bank transaction date differs from payment date by 1 days,True,False,True,POSTED,SUCCESS,1.0,0.0,0.0,1.0,SETTLEMENT_DELAY,LOW,LOW,VERIFY_SETTLEMENT_TIMING,True,6685.64,6685.64,GW-384032,MATCHED,0.0,True,1,0,YES,0,0.0272,0,LOW,No major deterministic risk factor detected
TXN0014,PAY0014,DATE_MISMATCH,Bank transaction date differs from payment date by 5 days,True,False,True,POSTED,SUCCESS,5.0,0.0,0.0,5.0,DATE_MISMATCH,MEDIUM,MEDIUM,MANUAL_REVIEW,True,39044.23,39044.23,GW-239706,MATCHED,0.0,True,1,0,YES,0,0.0605,0,LOW,No major deterministic risk factor detected
TXN0015,PAY0015,DATE_MISMATCH,Bank transaction date differs from payment date by 2 days,True,False,True,POSTED,SUCCESS,2.0,0.0,0.0,2.0,SETTLEMENT_DELAY,LOW,LOW,VERIFY_SETTLEMENT_TIMING,True,86502.52,86502.52,GW-606039,MATCHED,0.0,True,1,0,YES,0,0.0331,0,LOW,No major deterministic risk factor detected
TXN0016,PAY0016,MATCHED,"Amount, date, payment status and ledger validation passed",True,True,True,POSTED,SUCCESS,0.0,0.0,0.0,0.0,NO_EXCEPTION,NO_DATE_EXCEPTION,LOW,AUTO_RECONCILE,False,171118.82,171118.82,GW-738955,MATCHED,0.0,True,1,0,YES,0,0.0237,0,LOW,No major deterministic risk factor detected
TXN0017,PAY0017,MATCHED,"Amount, date, payment status and ledger validation passed",True,True,True,POSTED,SUCCESS,0.0,0.0,0.0,0.0,NO_EXCEPTION,NO_DATE_EXCEPTION,LOW,AUTO_RECONCILE,False,173094.18,173094.18,GW-481415,MATCHED,0.0,True,1,0,YES,0,0.0237,0,LOW,No major deterministic risk factor detected
TXN0018,PAY0018,DATE_MISMATCH,Bank transaction date differs from payment date by 1 days,True,False,True,POSTED,SUCCESS,1.0,0.0,0.0,1.0,SETTLEMENT_DELAY,LOW,LOW,VERIFY_SETTLEMENT_TIMING,True,3779.34,3779.34,GW-393986,MATCHED,0.0,True,1,0,YES,0,0.0272,0,LOW,No major deterministic risk factor detected
TXN0019,PAY0186,DUPLICATE_PAYMENT,Matching payment was already assigned to another bank transaction,False,False,False,UNKNOWN,UNKNOWN,0.0,0.0,0.0,,DUPLICATE_PAYMENT,NOT_APPLICABLE,HIGH,MANUAL_REVIEW_DUPLICATE,True,15581.54,15581.54,GW-297042,DUPLICATE_PAYMENT,0.0,False,1,167,YES,1,0.9971,1,CRITICAL,Final status is DUPLICATE_PAYMENT
TXN0020,PAY0020,DATE_MISMATCH,Bank transaction date differs from payment date by 1 days,True,False,True,POSTED,SUCCESS,1.0,0.0,0.0,1.0,SETTLEMENT_DELAY,LOW,LOW,VERIFY_SETTLEMENT_TIMING,True,4550.59,4550.59,GW-714475,MATCHED,0.0,True,1,0,YES,0,0.0272,0,LOW,No major deterministic risk factor detected
TXN0021,PAY0021,DATE_MISMATCH,Bank transaction date differs from payment date by 22 days,True,False,True,POSTED,SUCCESS,22.0,0.0,0.0,22.0,DATE_MISMATCH,HIGH,HIGH,HIGH_PRIORITY_INVESTIGATION,True,159394.71,159394.71,GW-266213,MATCHED,0.0,True,1,0,YES,1,0.9742,1,CRITICAL,Date difference is 22 days
TXN0022,PAY0022,MATCHED,"Amount, date, payment status and ledger validation passed",True,True,True,POSTED,SUCCESS,0.0,0.0,0.0,0.0,NO_EXCEPTION,NO_DATE_EXCEPTION,LOW,AUTO_RECONCILE,False,3229.74,3229.74,GW-849528,MATCHED,0.0,True,1,0,YES,0,0.0209,0,LOW,No major deterministic risk factor detected
TXN0023,PAY0023,MATCHED,"Amount, date, payment status and ledger validation passed",True,True,True,POSTED,SUCCESS,0.0,0.0,0.0,0.0,NO_EXCEPTION,NO_DATE_EXCEPTION,LOW,AUTO_RECONCILE,False,60650.6,60650.6,GW-517649,MATCHED,0.0,True,1,0,YES,0,0.0218,0,LOW,No major deterministic risk factor detected
TXN0024,PAY0024,MATCHED,"Amount, date, payment status and ledger validation passed",True,True,True,POSTED,SUCCESS,0.0,0.0,0.0,0.0,NO_EXCEPTION,NO_DATE_EXCEPTION,LOW,AUTO_RECONCILE,False,4069.99,4069.99,GW-891576,MATCHED,0.0,True,1,0,YES,0,0.0209,0,LOW,No major deterministic risk factor detected
TXN0025,PAY0025,LEDGER_EXCEPTION,Ledger entry exists but posting status is PENDING,True,True,True,PENDING,SUCCESS,0.0,0.0,0.0,0.0,LEDGER_EXCEPTION,NOT_APPLICABLE,HIGH,INVESTIGATE_LEDGER,True,4758.83,4758.83,GW-691793,MATCHED,0.0,True,1,0,YES,1,0.9574,1,CRITICAL,Final status is LEDGER_EXCEPTION; Ledger status is PENDING
TXN0026,PAY0026,MATCHED,"Amount, date, payment status and ledger validation passed",True,True,True,POSTED,SUCCESS,0.0,0.0,0.0,0.0,NO_EXCEPTION,NO_DATE_EXCEPTION,LOW,AUTO_RECONCILE,False,30052.23,30052.23,GW-885310,MATCHED,0.0,True,1,0,YES,0,0.0213,0,LOW,No major deterministic risk factor detected
TXN0027,PAY0027,DATE_MISMATCH,Bank transaction date differs from payment date by 1 days,True,False,True,POSTED,SUCCESS,1.0,0.0,0.0,1.0,SETTLEMENT_DELAY,LOW,LOW,VERIFY_SETTLEMENT_TIMING,True,19339.28,19339.28,GW-539214,MATCHED,0.0,True,1,0,YES,0,0.0275,0,LOW,No major deterministic risk factor detected
TXN0028,PAY0028,DATE_MISMATCH,Bank transaction date differs from payment date by 5 days,True,False,True,POSTED,SUCCESS,5.0,0.0,0.0,5.0,DATE_MISMATCH,MEDIUM,MEDIUM,MANUAL_REVIEW,True,12632.38,12632.38,GW-655260,MATCHED,0.0,True,1,0,YES,0,0.0593,0,LOW,No major deterministic risk factor detected
TXN0029,PAY0029,DATE_MISMATCH,Bank transaction date differs from payment date by 1 days,True,False,True,POSTED,SUCCESS,1.0,0.0,0.0,1.0,SETTLEMENT_DELAY,LOW,LOW,VERIFY_SETTLEMENT_TIMING,True,3111.55,3111.55,GW-944984,MATCHED,0.0,True,1,0,YES,0,0.0272,0,LOW,No major deterministic risk factor detected
TXN0030,PAY0030,DATE_MISMATCH,Bank transaction date differs from payment date by 96 days,True,False,True,POSTED,SUCCESS,96.0,0.0,0.0,96.0,DATE_MISMATCH,CRITICAL,CRITICAL,ESCALATE,True,4123.39,4123.39,GW-650210,MATCHED,0.0,True,1,0,YES,1,1.0,1,CRITICAL,Date difference is 96 days
TXN0031,PAY0031,DATE_MISMATCH,Bank transaction date differs from payment date by 2 days,True,False,True,POSTED,SUCCESS,2.0,0.0,0.0,2.0,SETTLEMENT_DELAY,LOW,LOW,VERIFY_SETTLEMENT_TIMING,True,4113.83,4113.83,GW-981743,MATCHED,0.0,True,1,0,YES,0,0.0311,0,LOW,No major deterministic risk factor detected
TXN0032,PAY0032,MATCHED,"Amount, date, payment status and ledger validation passed",True,True,True,POSTED,SUCCESS,0.0,0.0,0.0,0.0,NO_EXCEPTION,NO_DATE_EXCEPTION,LOW,AUTO_RECONCILE,False,58976.08,58976.08,GW-674046,MATCHED,0.0,True,1,0,YES,0,0.0218,0,LOW,No major deterministic risk factor detected
TXN0033,PAY0033,DATE_MISMATCH,Bank transaction date differs from payment date by 66 days,True,False,True,POSTED,SUCCESS,66.0,0.0,0.0,66.0,DATE_MISMATCH,CRITICAL,CRITICAL,ESCALATE,True,146705.82,146705.82,GW-279907,MATCHED,0.0,True,1,0,YES,1,0.9994,1,CRITICAL,Date difference is 66 days
TXN0034,PAY0034,MATCHED,"Amount, date, payment status and ledger validation passed",True,True,True,POSTED,SUCCESS,0.0,0.0,0.0,0.0,NO_EXCEPTION,NO_DATE_EXCEPTION,LOW,AUTO_RECONCILE,False,6848.31,6848.31,GW-962732,MATCHED,0.0,True,1,0,YES,0,0.0209,0,LOW,No major deterministic risk factor detected
TXN0035,PAY0035,MATCHED,"Amount, date, payment status and ledger validation passed",True,True,True,POSTED,SUCCESS,0.0,0.0,0.0,0.0,NO_EXCEPTION,NO_DATE_EXCEPTION,LOW,AUTO_RECONCILE,False,139762.26,139762.26,GW-637197,MATCHED,0.0,True,1,0,YES,0,0.0232,0,LOW,No major deterministic risk factor detected
TXN0036,PAY0036,AMOUNT_MISMATCH,Bank reference matched a payment candidate but amounts differ,False,False,False,UNKNOWN,UNKNOWN,0.0,0.0,0.0,,AMOUNT_MISMATCH,NOT_APPLICABLE,HIGH,INVESTIGATE_AMOUNT_DIFFERENCE,True,16883.21,16893.21,GW-129939,AMOUNT_MISMATCH,0.0,True,1,0,YES,1,0.9925,1,CRITICAL,Final status is AMOUNT_MISMATCH
TXN0037,PAY0037,DATE_MISMATCH,Bank transaction date differs from payment date by 1 days,True,False,True,POSTED,SUCCESS,1.0,0.0,0.0,1.0,SETTLEMENT_DELAY,LOW,LOW,VERIFY_SETTLEMENT_TIMING,True,4795.26,4795.26,GW-254804,MATCHED,0.0,True,1,0,YES,0,0.0272,0,LOW,No major deterministic risk factor detected
TXN0038,PAY0038,MATCHED,"Amount, date, payment status and ledger validation passed",True,True,True,POSTED,SUCCESS,0.0,0.0,0.0,0.0,NO_EXCEPTION,NO_DATE_EXCEPTION,LOW,AUTO_RECONCILE,False,179833.65,179833.65,GW-387007,MATCHED,0.0,True,1,0,YES,0,0.0239,0,LOW,No major deterministic risk factor detected
TXN0039,PAY0039,MATCHED,"Amount, date, payment status and ledger validation passed",True,True,True,POSTED,SUCCESS,0.0,0.0,0.0,0.0,NO_EXCEPTION,NO_DATE_EXCEPTION,LOW,AUTO_RECONCILE,False,2612.75,2612.75,GW-833011,MATCHED,0.0,True,1,0,YES,0,0.0209,0,LOW,No major deterministic risk factor detected
TXN0040,PAY0040,DATE_MISMATCH,Bank transaction date differs from payment date by 86 days,True,False,True,POSTED,SUCCESS,86.0,0.0,0.0,86.0,DATE_MISMATCH,CRITICAL,CRITICAL,ESCALATE,True,60449.68,60449.68,GW-827299,MATCHED,0.0,True,1,0,YES,1,1.0,1,CRITICAL,Date difference is 86 days
TXN0041,PAY0041,DATE_MISMATCH,Bank transaction date differs from payment date by 130 days,True,False,True,POSTED,SUCCESS,130.0,0.0,0.0,130.0,DATE_MISMATCH,CRITICAL,CRITICAL,ESCALATE,True,21495.63,21495.63,GW-767277,MATCHED,0.0,True,1,0,YES,1,1.0,1,CRITICAL,Date difference is 130 days
TXN0042,PAY0042,DATE_MISMATCH,Bank transaction date differs from payment date by 64 days,True,False,True,POSTED,SUCCESS,64.0,0.0,0.0,64.0,DATE_MISMATCH,CRITICAL,CRITICAL,ESCALATE,True,79121.27,79121.27,GW-972078,MATCHED,0.0,True,1,0,YES,1,0.9992,1,CRITICAL,Date difference is 64 days
TXN0043,PAY0043,MATCHED,"Amount, date, payment status and ledger validation passed",True,True,True,POSTED,SUCCESS,0.0,0.0,0.0,0.0,NO_EXCEPTION,NO_DATE_EXCEPTION,LOW,AUTO_RECONCILE,False,176041.58,176041.58,GW-212187,MATCHED,0.0,True,1,0,YES,0,0.0238,0,LOW,No major deterministic risk factor detected
TXN0044,PAY0044,MATCHED,"Amount, date, payment status and ledger validation passed",True,True,True,POSTED,SUCCESS,0.0,0.0,0.0,0.0,NO_EXCEPTION,NO_DATE_EXCEPTION,LOW,AUTO_RECONCILE,False,2459.51,2459.51,GW-516855,MATCHED,0.0,True,1,0,YES,0,0.0208,0,LOW,No major deterministic risk factor detected
TXN0045,PAY0045,MATCHED,"Amount, date, payment status and ledger validation passed",True,True,True,POSTED,SUCCESS,0.0,0.0,0.0,0.0,NO_EXCEPTION,NO_DATE_EXCEPTION,LOW,AUTO_RECONCILE,False,6934.26,6934.26,GW-204379,MATCHED,0.0,True,1,0,YES,0,0.0209,0,LOW,No major deterministic risk factor detected
TXN0046,PAY0046,MATCHED,"Amount, date, payment status and ledger validation passed",True,True,True,POSTED,SUCCESS,0.0,0.0,0.0,0.0,NO_EXCEPTION,NO_DATE_EXCEPTION,LOW,AUTO_RECONCILE,False,2058.94,2058.94,GW-890193,MATCHED,0.0,True,1,0,YES,0,0.0208,0,LOW,No major deterministic risk factor detected
TXN0047,PAY0047,LEDGER_EXCEPTION,Ledger entry exists but posting status is PENDING,True,True,True,PENDING,SUCCESS,0.0,0.0,0.0,0.0,LEDGER_EXCEPTION,NOT_APPLICABLE,HIGH,INVESTIGATE_LEDGER,True,2740.43,2740.43,GW-548947,MATCHED,0.0,True,1,0,YES,1,0.9573,1,CRITICAL,Final status is LEDGER_EXCEPTION; Ledger status is PENDING
TXN0048,PAY0048,DATE_MISMATCH,Bank transaction date differs from payment date by 1 days,True,False,True,POSTED,SUCCESS,1.0,0.0,0.0,1.0,SETTLEMENT_DELAY,LOW,LOW,VERIFY_SETTLEMENT_TIMING,True,110975.23,110975.23,GW-482619,MATCHED,0.0,True,1,0,YES,0,0.0295,0,LOW,No major deterministic risk factor detected
TXN0049,PAY0049,DATE_MISMATCH,Bank transaction date differs from payment date by 2 days,True,False,True,POSTED,SUCCESS,2.0,0.0,0.0,2.0,SETTLEMENT_DELAY,LOW,LOW,VERIFY_SETTLEMENT_TIMING,True,101753.71,101753.71,GW-682503,MATCHED,0.0,True,1,0,YES,0,0.0335,0,LOW,No major deterministic risk factor detected
TXN0050,PAY0050,PAYMENT_REFUNDED,Payment gateway status is REFUNDED,True,True,True,POSTED,REFUNDED,0.0,0.0,0.0,0.0,PAYMENT_REFUNDED,NOT_APPLICABLE,HIGH,REVIEW_REFUND,True,57481.25,57481.25,GW-215681,MATCHED,0.0,True,1,0,YES,1,0.9306,1,CRITICAL,Final status is PAYMENT_REFUNDED; Payment status is REFUNDED
TXN0051,PAY0051,MATCHED,"Amount, date, payment status and ledger validation passed",True,True,True,POSTED,SUCCESS,0.0,0.0,0.0,0.0,NO_EXCEPTION,NO_DATE_EXCEPTION,LOW,AUTO_RECONCILE,False,135412.14,135412.14,GW-490729,MATCHED,0.0,True,1,0,YES,0,0.0231,0,LOW,No major deterministic risk factor detected
TXN0052,PAY0052,MATCHED,"Amount, date, payment status and ledger validation passed",True,True,True,POSTED,SUCCESS,0.0,0.0,0.0,0.0,NO_EXCEPTION,NO_DATE_EXCEPTION,LOW,AUTO_RECONCILE,False,81202.44,81202.44,GW-732490,MATCHED,0.0,True,1,0,YES,0,0.0221,0,LOW,No major deterministic risk factor detected
TXN0053,PAY0053,MATCHED,"Amount, date, payment status and ledger validation passed",True,True,True,POSTED,SUCCESS,0.0,0.0,0.0,0.0,NO_EXCEPTION,NO_DATE_EXCEPTION,LOW,AUTO_RECONCILE,False,22295.29,22295.29,GW-339996,MATCHED,0.0,True,1,0,YES,0,0.0212,0,LOW,No major deterministic risk factor detected
TXN0054,PAY0054,DATE_MISMATCH,Bank transaction date differs from payment date by 10 days,True,False,True,POSTED,SUCCESS,10.0,0.0,0.0,10.0,DATE_MISMATCH,HIGH,HIGH,HIGH_PRIORITY_INVESTIGATION,True,92971.23,92971.23,GW-828496,MATCHED,0.0,True,1,0,YES,1,0.8705,1,CRITICAL,Date difference is 10 days
TXN0055,PAY0055,DATE_MISMATCH,Bank transaction date differs from payment date by 5 days,True,False,True,POSTED,SUCCESS,5.0,0.0,0.0,5.0,DATE_MISMATCH,MEDIUM,MEDIUM,MANUAL_REVIEW,True,190671.09,190671.09,GW-534795,MATCHED,0.0,True,1,0,YES,0,0.0675,0,LOW,No major deterministic risk factor detected
TXN0056,PAY0056,MATCHED,"Amount, date, payment status and ledger validation passed",True,True,True,POSTED,SUCCESS,0.0,0.0,0.0,0.0,NO_EXCEPTION,NO_DATE_EXCEPTION,LOW,AUTO_RECONCILE,False,13251.73,13251.73,GW-916072,MATCHED,0.0,True,1,0,YES,0,0.021,0,LOW,No major deterministic risk factor detected
TXN0057,PAY0057,MATCHED,"Amount, date, payment status and ledger validation passed",True,True,True,POSTED,SUCCESS,0.0,0.0,0.0,0.0,NO_EXCEPTION,NO_DATE_EXCEPTION,LOW,AUTO_RECONCILE,False,33757.57,33757.57,GW-302713,MATCHED,0.0,True,1,0,YES,0,0.0214,0,LOW,No major deterministic risk factor detected
TXN0058,PAY0058,DATE_MISMATCH,Bank transaction date differs from payment date by 1 days,True,False,True,POSTED,SUCCESS,1.0,0.0,0.0,1.0,SETTLEMENT_DELAY,LOW,LOW,VERIFY_SETTLEMENT_TIMING,True,40204.74,40204.74,GW-418384,MATCHED,0.0,True,1,0,YES,0,0.0279,0,LOW,No major deterministic risk factor detected
TXN0059,PAY0059,LEDGER_EXCEPTION,Ledger entry exists but posting status is PENDING,True,True,True,PENDING,SUCCESS,0.0,0.0,0.0,0.0,LEDGER_EXCEPTION,NOT_APPLICABLE,HIGH,INVESTIGATE_LEDGER,True,126841.45,126841.45,GW-296780,MATCHED,0.0,True,1,0,YES,1,0.9611,1,CRITICAL,Final status is LEDGER_EXCEPTION; Ledger status is PENDING
TXN0060,PAY0060,MATCHED,"Amount, date, payment status and ledger validation passed",True,True,True,POSTED,SUCCESS,0.0,0.0,0.0,0.0,NO_EXCEPTION,NO_DATE_EXCEPTION,LOW,AUTO_RECONCILE,False,68899.66,68899.66,GW-596758,MATCHED,0.0,True,1,0,YES,0,0.0219,0,LOW,No major deterministic risk factor detected
TXN0061,PAY0061,LEDGER_EXCEPTION,Ledger entry exists but posting status is PENDING,True,True,True,PENDING,SUCCESS,0.0,0.0,0.0,0.0,LEDGER_EXCEPTION,NOT_APPLICABLE,HIGH,INVESTIGATE_LEDGER,True,129725.17,129725.17,GW-413148,MATCHED,0.0,True,1,0,YES,1,0.9612,1,CRITICAL,Final status is LEDGER_EXCEPTION; Ledger status is PENDING
TXN0062,PAY0062,DATE_MISMATCH,Bank transaction date differs from payment date by 24 days,True,False,True,POSTED,SUCCESS,24.0,0.0,0.0,24.0,DATE_MISMATCH,HIGH,HIGH,HIGH_PRIORITY_INVESTIGATION,True,1411.56,1411.56,GW-198335,MATCHED,0.0,True,1,0,YES,1,0.9778,1,CRITICAL,Date difference is 24 days
TXN0063,PAY0063,DATE_MISMATCH,Bank transaction date differs from payment date by 4 days,True,False,True,POSTED,SUCCESS,4.0,0.0,0.0,4.0,DATE_MISMATCH,MEDIUM,MEDIUM,MANUAL_REVIEW,True,139076.6,139076.6,GW-165317,MATCHED,0.0,True,1,0,YES,0,0.0571,0,LOW,No major deterministic risk factor detected
TXN0064,PAY0064,DATE_MISMATCH,Bank transaction date differs from payment date by 2 days,True,False,True,POSTED,SUCCESS,2.0,0.0,0.0,2.0,SETTLEMENT_DELAY,LOW,LOW,VERIFY_SETTLEMENT_TIMING,True,3414.54,3414.54,GW-595360,MATCHED,0.0,True,1,0,YES,0,0.0311,0,LOW,No major deterministic risk factor detected
TXN0065,PAY0065,DATE_MISMATCH,Bank transaction date differs from payment date by 13 days,True,False,True,POSTED,SUCCESS,13.0,0.0,0.0,13.0,DATE_MISMATCH,HIGH,HIGH,HIGH_PRIORITY_INVESTIGATION,True,2402.03,2402.03,GW-875951,MATCHED,0.0,True,1,0,YES,1,0.9049,1,CRITICAL,Date difference is 13 days
TXN0066,PAY0066,DATE_MISMATCH,Bank transaction date differs from payment date by 1 days,True,False,True,POSTED,SUCCESS,1.0,0.0,0.0,1.0,SETTLEMENT_DELAY,LOW,LOW,VERIFY_SETTLEMENT_TIMING,True,178538.03,178538.03,GW-515803,MATCHED,0.0,True,1,0,YES,0,0.031,0,LOW,No major deterministic risk factor detected
TXN0067,PAY0067,MATCHED,"Amount, date, payment status and ledger validation passed",True,True,True,POSTED,SUCCESS,0.0,0.0,0.0,0.0,NO_EXCEPTION,NO_DATE_EXCEPTION,LOW,AUTO_RECONCILE,False,19807.39,19807.39,GW-295695,MATCHED,0.0,True,1,0,YES,0,0.0211,0,LOW,No major deterministic risk factor detected
TXN0068,PAY0068,DATE_MISMATCH,Bank transaction date differs from payment date by 2 days,True,False,True,POSTED,SUCCESS,2.0,0.0,0.0,2.0,SETTLEMENT_DELAY,LOW,LOW,VERIFY_SETTLEMENT_TIMING,True,50006.63,50006.63,GW-761440,MATCHED,0.0,True,1,0,YES,0,0.0322,0,LOW,No major deterministic risk factor detected
TXN0069,PAY0069,PAYMENT_FAILED,Payment gateway status is FAILED,True,True,True,POSTED,FAILED,0.0,0.0,0.0,0.0,PAYMENT_FAILED,NOT_APPLICABLE,HIGH,INVESTIGATE_FAILED_PAYMENT,True,30032.98,30032.98,GW-646912,MATCHED,0.0,True,1,0,YES,1,0.948,1,CRITICAL,Final status is PAYMENT_FAILED; Payment status is FAILED
TXN0070,PAY0070,DATE_MISMATCH,Bank transaction date differs from payment date by 1 days,True,False,True,POSTED,SUCCESS,1.0,0.0,0.0,1.0,SETTLEMENT_DELAY,LOW,LOW,VERIFY_SETTLEMENT_TIMING,True,75070.87,75070.87,GW-582140,MATCHED,0.0,True,1,0,YES,0,0.0287,0,LOW,No major deterministic risk factor detected
TXN0071,PAY0071,MATCHED,"Amount, date, payment status and ledger validation passed",True,True,True,POSTED,SUCCESS,0.0,0.0,0.0,0.0,NO_EXCEPTION,NO_DATE_EXCEPTION,LOW,AUTO_RECONCILE,False,4834.33,4834.33,GW-172888,MATCHED,0.0,True,1,0,YES,0,0.0209,0,LOW,No major deterministic risk factor detected
TXN0072,PAY0072,MATCHED,"Amount, date, payment status and ledger validation passed",True,True,True,POSTED,SUCCESS,0.0,0.0,0.0,0.0,NO_EXCEPTION,NO_DATE_EXCEPTION,LOW,AUTO_RECONCILE,False,2702.94,2702.94,GW-616686,MATCHED,0.0,True,1,0,YES,0,0.0209,0,LOW,No major deterministic risk factor detected
TXN0073,PAY0073,DATE_MISMATCH,Bank transaction date differs from payment date by 2 days,True,False,True,POSTED,SUCCESS,2.0,0.0,0.0,2.0,SETTLEMENT_DELAY,LOW,LOW,VERIFY_SETTLEMENT_TIMING,True,1903.02,1903.02,GW-995013,MATCHED,0.0,True,1,0,YES,0,0.0311,0,LOW,No major deterministic risk factor detected
TXN0074,PAY0074,MATCHED,"Amount, date, payment status and ledger validation passed",True,True,True,POSTED,SUCCESS,0.0,0.0,0.0,0.0,NO_EXCEPTION,NO_DATE_EXCEPTION,LOW,AUTO_RECONCILE,False,38215.48,38215.48,GW-103613,MATCHED,0.0,True,1,0,YES,0,0.0214,0,LOW,No major deterministic risk factor detected
TXN0075,PAY0075,MATCHED,"Amount, date, payment status and ledger validation passed",True,True,True,POSTED,SUCCESS,0.0,0.0,0.0,0.0,NO_EXCEPTION,NO_DATE_EXCEPTION,LOW,AUTO_RECONCILE,False,14850.9,14850.9,GW-245017,MATCHED,0.0,True,1,0,YES,0,0.021,0,LOW,No major deterministic risk factor detected
TXN0076,PAY0076,DATE_MISMATCH,Bank transaction date differs from payment date by 1 days,True,False,True,POSTED,SUCCESS,1.0,0.0,0.0,1.0,SETTLEMENT_DELAY,LOW,LOW,VERIFY_SETTLEMENT_TIMING,True,22310.14,22310.14,GW-313679,MATCHED,0.0,True,1,0,YES,0,0.0276,0,LOW,No major deterministic risk factor detected
TXN0077,PAY0077,MATCHED,"Amount, date, payment status and ledger validation passed",True,True,True,POSTED,SUCCESS,0.0,0.0,0.0,0.0,NO_EXCEPTION,NO_DATE_EXCEPTION,LOW,AUTO_RECONCILE,False,2804.91,2804.91,GW-124276,MATCHED,0.0,True,1,0,YES,0,0.0209,0,LOW,No major deterministic risk factor detected
TXN0078,PAY0280,DUPLICATE_PAYMENT,Matching payment was already assigned to another bank transaction,False,False,False,UNKNOWN,UNKNOWN,0.0,0.0,0.0,,DUPLICATE_PAYMENT,NOT_APPLICABLE,HIGH,MANUAL_REVIEW_DUPLICATE,True,4017.37,4017.37,GW-439293,DUPLICATE_PAYMENT,0.0,False,1,202,YES,1,0.9975,1,CRITICAL,Final status is DUPLICATE_PAYMENT
TXN0079,PAY0079,DATE_MISMATCH,Bank transaction date differs from payment date by 1 days,True,False,True,POSTED,SUCCESS,1.0,0.0,0.0,1.0,SETTLEMENT_DELAY,LOW,LOW,VERIFY_SETTLEMENT_TIMING,True,14103.78,14103.78,GW-335075,MATCHED,0.0,True,1,0,YES,0,0.0274,0,LOW,No major deterministic risk factor detected
TXN0080,PAY0080,MATCHED,"Amount, date, payment status and ledger validation passed",True,True,True,POSTED,SUCCESS,0.0,0.0,0.0,0.0,NO_EXCEPTION,NO_DATE_EXCEPTION,LOW,AUTO_RECONCILE,False,64327.38,64327.38,GW-128322,MATCHED,0.0,True,1,0,YES,0,0.0219,0,LOW,No major deterministic risk factor detected
TXN0081,PAY0081,MATCHED,"Amount, date, payment status and ledger validation passed",True,True,True,POSTED,SUCCESS,0.0,0.0,0.0,0.0,NO_EXCEPTION,NO_DATE_EXCEPTION,LOW,AUTO_RECONCILE,False,62548.67,62548.67,GW-163143,MATCHED,0.0,True,1,0,YES,0,0.0218,0,LOW,No major deterministic risk factor detected
TXN0082,PAY0082,DATE_MISMATCH,Bank transaction date differs from payment date by 4 days,True,False,True,POSTED,SUCCESS,4.0,0.0,0.0,4.0,DATE_MISMATCH,MEDIUM,MEDIUM,MANUAL_REVIEW,True,15719.35,15719.35,GW-502758,MATCHED,0.0,True,1,0,YES,0,0.0521,0,LOW,No major deterministic risk factor detected
TXN0083,PAY0083,DATE_MISMATCH,Bank transaction date differs from payment date by 3 days,True,False,True,POSTED,SUCCESS,3.0,0.0,0.0,3.0,DATE_MISMATCH,MEDIUM,MEDIUM,MANUAL_REVIEW,True,3393.32,3393.32,GW-299636,MATCHED,0.0,True,1,0,YES,0,0.0452,0,LOW,No major deterministic risk factor detected
TXN0084,PAY0084,MATCHED,"Amount, date, payment status and ledger validation passed",True,True,True,POSTED,SUCCESS,0.0,0.0,0.0,0.0,NO_EXCEPTION,NO_DATE_EXCEPTION,LOW,AUTO_RECONCILE,False,62932.36,62932.36,GW-332215,MATCHED,0.0,True,1,0,YES,0,0.0218,0,LOW,No major deterministic risk factor detected
TXN0085,PAY0085,DATE_MISMATCH,Bank transaction date differs from payment date by 2 days,True,False,True,POSTED,SUCCESS,2.0,0.0,0.0,2.0,SETTLEMENT_DELAY,LOW,LOW,VERIFY_SETTLEMENT_TIMING,True,795.78,795.78,GW-854214,MATCHED,0.0,True,1,0,YES,0,0.031,0,LOW,No major deterministic risk factor detected
TXN0086,PAY0086,DATE_MISMATCH,Bank transaction date differs from payment date by 2 days,True,False,True,POSTED,SUCCESS,2.0,0.0,0.0,2.0,SETTLEMENT_DELAY,LOW,LOW,VERIFY_SETTLEMENT_TIMING,True,1559.55,1559.55,GW-671857,MATCHED,0.0,True,1,0,YES,0,0.0311,0,LOW,No major deterministic risk factor detected
TXN0087,PAY0087,MATCHED,"Amount, date, payment status and ledger validation passed",True,True,True,POSTED,SUCCESS,0.0,0.0,0.0,0.0,NO_EXCEPTION,NO_DATE_EXCEPTION,LOW,AUTO_RECONCILE,False,1375.02,1375.02,GW-471707,MATCHED,0.0,True,1,0,YES,0,0.0208,0,LOW,No major deterministic risk factor detected
TXN0088,PAY0088,AMOUNT_MISMATCH,Bank reference matched a payment candidate but amounts differ,False,False,False,UNKNOWN,UNKNOWN,0.0,0.0,0.0,,AMOUNT_MISMATCH,NOT_APPLICABLE,HIGH,INVESTIGATE_AMOUNT_DIFFERENCE,True,9812.29,10012.54,GW-694962,AMOUNT_MISMATCH,0.0,True,1,0,YES,1,0.9925,1,CRITICAL,Final status is AMOUNT_MISMATCH
TXN0089,PAY0284,DUPLICATE_PAYMENT,Matching payment was already assigned to another bank transaction,False,False,False,UNKNOWN,UNKNOWN,0.0,0.0,0.0,,DUPLICATE_PAYMENT,NOT_APPLICABLE,HIGH,MANUAL_REVIEW_DUPLICATE,True,65102.69,65102.69,GW-989404,DUPLICATE_PAYMENT,0.0,False,1,195,YES,1,0.9976,1,CRITICAL,Final status is DUPLICATE_PAYMENT
TXN0090,PAY0090,DATE_MISMATCH,Bank transaction date differs from payment date by 6 days,True,False,True,POSTED,SUCCESS,6.0,0.0,0.0,6.0,DATE_MISMATCH,MEDIUM,MEDIUM,MANUAL_REVIEW,True,34425.9,34425.9,GW-368393,MATCHED,0.0,True,1,0,YES,0,0.0686,0,LOW,No major deterministic risk factor detected
TXN0091,PAY0091,DATE_MISMATCH,Bank transaction date differs from payment date by 36 days,True,False,True,POSTED,SUCCESS,36.0,0.0,0.0,36.0,DATE_MISMATCH,CRITICAL,CRITICAL,ESCALATE,True,117251.06,117251.06,GW-141422,MATCHED,0.0,True,1,0,YES,1,0.9637,1,CRITICAL,Date difference is 36 days
TXN0092,PAY0092,DATE_MISMATCH,Bank transaction date differs from payment date by 16 days,True,False,True,POSTED,SUCCESS,16.0,0.0,0.0,16.0,DATE_MISMATCH,HIGH,HIGH,HIGH_PRIORITY_INVESTIGATION,True,123740.45,123740.45,GW-150416,MATCHED,0.0,True,1,0,YES,1,0.9408,1,CRITICAL,Date difference is 16 days
TXN0093,PAY0093,DATE_MISMATCH,Bank transaction date differs from payment date by 2 days,True,False,True,POSTED,SUCCESS,2.0,0.0,0.0,2.0,SETTLEMENT_DELAY,LOW,LOW,VERIFY_SETTLEMENT_TIMING,True,3207.22,3207.22,GW-394994,MATCHED,0.0,True,1,0,YES,0,0.0311,0,LOW,No major deterministic risk factor detected
TXN0094,PAY0366,DUPLICATE_PAYMENT,Matching payment was already assigned to another bank transaction,False,False,False,UNKNOWN,UNKNOWN,0.0,0.0,0.0,,DUPLICATE_PAYMENT,NOT_APPLICABLE,HIGH,MANUAL_REVIEW_DUPLICATE,True,8836.65,8836.65,GW-348981,DUPLICATE_PAYMENT,0.0,False,1,272,YES,1,0.9983,1,CRITICAL,Final status is DUPLICATE_PAYMENT
TXN0095,PAY0095,DATE_MISMATCH,Bank transaction date differs from payment date by 2 days,True,False,True,POSTED,SUCCESS,2.0,0.0,0.0,2.0,SETTLEMENT_DELAY,LOW,LOW,VERIFY_SETTLEMENT_TIMING,True,16244.75,16244.75,GW-279225,MATCHED,0.0,True,1,0,YES,0,0.0314,0,LOW,No major deterministic risk factor detected
TXN0096,PAY0096,MATCHED,"Amount, date, payment status and ledger validation passed",True,True,True,POSTED,SUCCESS,0.0,0.0,0.0,0.0,NO_EXCEPTION,NO_DATE_EXCEPTION,LOW,AUTO_RECONCILE,False,142115.1,142115.1,GW-130880,MATCHED,0.0,True,1,0,YES,0,0.0232,0,LOW,No major deterministic risk factor detected
TXN0097,PAY0097,MATCHED,"Amount, date, payment status and ledger validation passed",True,True,True,POSTED,SUCCESS,0.0,0.0,0.0,0.0,NO_EXCEPTION,NO_DATE_EXCEPTION,LOW,AUTO_RECONCILE,False,17569.24,17569.24,GW-427666,MATCHED,0.0,True,1,0,YES,0,0.0211,0,LOW,No major deterministic risk factor detected
TXN0098,PAY0060,DUPLICATE_PAYMENT,Matching payment was already assigned to another bank transaction,False,False,False,UNKNOWN,UNKNOWN,0.0,0.0,0.0,,DUPLICATE_PAYMENT,NOT_APPLICABLE,HIGH,MANUAL_REVIEW_DUPLICATE,True,68899.66,68899.66,GW-596758,DUPLICATE_PAYMENT,0.0,False,1,38,YES,1,0.9945,1,CRITICAL,Final status is DUPLICATE_PAYMENT
TXN0099,PAY0099,DATE_MISMATCH,Bank transaction date differs from payment date by 4 days,True,False,True,POSTED,SUCCESS,4.0,0.0,0.0,4.0,DATE_MISMATCH,MEDIUM,MEDIUM,MANUAL_REVIEW,True,6693.63,6693.63,GW-563546,MATCHED,0.0,True,1,0,YES,0,0.0518,0,LOW,No major deterministic risk factor detected
TXN0100,PAY0100,DATE_MISMATCH,Bank transaction date differs from payment date by 4 days,True,False,True,POSTED,SUCCESS,4.0,0.0,0.0,4.0,DATE_MISMATCH,MEDIUM,MEDIUM,MANUAL_REVIEW,True,95268.72,95268.72,GW-634893,MATCHED,0.0,True,1,0,YES,0,0.0553,0,LOW,No major deterministic risk factor detected
TXN0101,PAY0101,LEDGER_EXCEPTION,Ledger entry exists but posting status is PENDING,True,True,True,PENDING,SUCCESS,0.0,0.0,0.0,0.0,LEDGER_EXCEPTION,NOT_APPLICABLE,HIGH,INVESTIGATE_LEDGER,True,112773.91,112773.91,GW-797095,MATCHED,0.0,True,1,0,YES,1,0.9607,1,CRITICAL,Final status is LEDGER_EXCEPTION; Ledger status is PENDING
TXN0102,PAY0102,DATE_MISMATCH,Bank transaction date differs from payment date by 2 days,True,False,True,POSTED,SUCCESS,2.0,0.0,0.0,2.0,SETTLEMENT_DELAY,LOW,LOW,VERIFY_SETTLEMENT_TIMING,True,11725.04,11725.04,GW-611207,MATCHED,0.0,True,1,0,YES,0,0.0313,0,LOW,No major deterministic risk factor detected
TXN0103,PAY0103,MATCHED,"Amount, date, payment status and ledger validation passed",True,True,True,POSTED,SUCCESS,0.0,0.0,0.0,0.0,NO_EXCEPTION,NO_DATE_EXCEPTION,LOW,AUTO_RECONCILE,False,2422.4,2422.4,GW-493009,MATCHED,0.0,True,1,0,YES,0,0.0208,0,LOW,No major deterministic risk factor detected
TXN0104,PAY0104,DATE_MISMATCH,Bank transaction date differs from payment date by 98 days,True,False,True,POSTED,SUCCESS,98.0,0.0,0.0,98.0,DATE_MISMATCH,CRITICAL,CRITICAL,ESCALATE,True,75463.93,75463.93,GW-220842,MATCHED,0.0,True,1,0,YES,1,1.0,1,CRITICAL,Date difference is 98 days
TXN0105,PAY0105,DATE_MISMATCH,Bank transaction date differs from payment date by 2 days,True,False,True,POSTED,SUCCESS,2.0,0.0,0.0,2.0,SETTLEMENT_DELAY,LOW,LOW,VERIFY_SETTLEMENT_TIMING,True,4098.29,4098.29,GW-586817,MATCHED,0.0,True,1,0,YES,0,0.0311,0,LOW,No major deterministic risk factor detected
TXN0106,PAY0106,DATE_MISMATCH,Bank transaction date differs from payment date by 3 days,True,False,True,POSTED,SUCCESS,3.0,0.0,0.0,3.0,DATE_MISMATCH,MEDIUM,MEDIUM,MANUAL_REVIEW,True,70744.74,70744.74,GW-497248,MATCHED,0.0,True,1,0,YES,0,0.0475,0,LOW,No major deterministic risk factor detected
TXN0107,PAY0107,MATCHED,"Amount, date, payment status and ledger validation passed",True,True,True,POSTED,SUCCESS,0.0,0.0,0.0,0.0,NO_EXCEPTION,NO_DATE_EXCEPTION,LOW,AUTO_RECONCILE,False,17700.81,17700.81,GW-699314,MATCHED,0.0,True,1,0,YES,0,0.0211,0,LOW,No major deterministic risk factor detected
TXN0108,PAY0108,PAYMENT_FAILED,Payment gateway status is FAILED,True,True,True,POSTED,FAILED,0.0,0.0,0.0,0.0,PAYMENT_FAILED,NOT_APPLICABLE,HIGH,INVESTIGATE_FAILED_PAYMENT,True,19753.16,19753.16,GW-287614,MATCHED,0.0,True,1,0,YES,1,0.9476,1,CRITICAL,Final status is PAYMENT_FAILED; Payment status is FAILED
TXN0109,PAY0109,DATE_MISMATCH,Bank transaction date differs from payment date by 2 days,True,False,True,POSTED,SUCCESS,2.0,0.0,0.0,2.0,SETTLEMENT_DELAY,LOW,LOW,VERIFY_SETTLEMENT_TIMING,True,71978.75,71978.75,GW-381693,MATCHED,0.0,True,1,0,YES,0,0.0328,0,LOW,No major deterministic risk factor detected
TXN0110,PAY0146,DUPLICATE_PAYMENT,Matching payment was already assigned to another bank transaction,False,False,False,UNKNOWN,UNKNOWN,0.0,0.0,0.0,,DUPLICATE_PAYMENT,NOT_APPLICABLE,HIGH,MANUAL_REVIEW_DUPLICATE,True,2074.17,2074.17,GW-889126,DUPLICATE_PAYMENT,0.0,False,1,36,YES,1,0.9942,1,CRITICAL,Final status is DUPLICATE_PAYMENT
TXN0111,PAY0111,DATE_MISMATCH,Bank transaction date differs from payment date by 2 days,True,False,True,POSTED,SUCCESS,2.0,0.0,0.0,2.0,SETTLEMENT_DELAY,LOW,LOW,VERIFY_SETTLEMENT_TIMING,True,10234.06,10234.06,GW-930441,MATCHED,0.0,True,1,0,YES,0,0.0313,0,LOW,No major deterministic risk factor detected
TXN0112,PAY0112,DATE_MISMATCH,Bank transaction date differs from payment date by 4 days,True,False,True,POSTED,SUCCESS,4.0,0.0,0.0,4.0,DATE_MISMATCH,MEDIUM,MEDIUM,MANUAL_REVIEW,True,18158.5,18158.5,GW-741777,MATCHED,0.0,True,1,0,YES,0,0.0522,0,LOW,No major deterministic risk factor detected
TXN0113,PAY0113,DATE_MISMATCH,Bank transaction date differs from payment date by 5 days,True,False,True,POSTED,SUCCESS,5.0,0.0,0.0,5.0,DATE_MISMATCH,MEDIUM,MEDIUM,MANUAL_REVIEW,True,142304.98,142304.98,GW-663719,MATCHED,0.0,True,1,0,YES,0,0.0652,0,LOW,No major deterministic risk factor detected
TXN0114,PAY0114,DATE_MISMATCH,Bank transaction date differs from payment date by 26 days,True,False,True,POSTED,SUCCESS,26.0,0.0,0.0,26.0,DATE_MISMATCH,HIGH,HIGH,HIGH_PRIORITY_INVESTIGATION,True,78881.25,78881.25,GW-209793,MATCHED,0.0,True,1,0,YES,1,0.9841,1,CRITICAL,Date difference is 26 days
TXN0115,PAY0115,MATCHED,"Amount, date, payment status and ledger validation passed",True,True,True,POSTED,SUCCESS,0.0,0.0,0.0,0.0,NO_EXCEPTION,NO_DATE_EXCEPTION,LOW,AUTO_RECONCILE,False,772.26,772.26,GW-823405,MATCHED,0.0,True,1,0,YES,0,0.0208,0,LOW,No major deterministic risk factor detected
TXN0116,PAY0116,MATCHED,"Amount, date, payment status and ledger validation passed",True,True,True,POSTED,SUCCESS,0.0,0.0,0.0,0.0,NO_EXCEPTION,NO_DATE_EXCEPTION,LOW,AUTO_RECONCILE,False,55135.07,55135.07,GW-947919,MATCHED,0.0,True,1,0,YES,0,0.0217,0,LOW,No major deterministic risk factor detected
TXN0117,PAY0117,DATE_MISMATCH,Bank transaction date differs from payment date by 2 days,True,False,True,POSTED,SUCCESS,2.0,0.0,0.0,2.0,SETTLEMENT_DELAY,LOW,LOW,VERIFY_SETTLEMENT_TIMING,True,148988.17,148988.17,GW-613757,MATCHED,0.0,True,1,0,YES,0,0.0347,0,LOW,No major deterministic risk factor detected
TXN0118,PAY0118,DATE_MISMATCH,Bank transaction date differs from payment date by 2 days,True,False,True,POSTED,SUCCESS,2.0,0.0,0.0,2.0,SETTLEMENT_DELAY,LOW,LOW,VERIFY_SETTLEMENT_TIMING,True,12188.78,12188.78,GW-612032,MATCHED,0.0,True,1,0,YES,0,0.0313,0,LOW,No major deterministic risk factor detected
TXN0119,PAY0119,DATE_MISMATCH,Bank transaction date differs from payment date by 1 days,True,False,True,POSTED,SUCCESS,1.0,0.0,0.0,1.0,SETTLEMENT_DELAY,LOW,LOW,VERIFY_SETTLEMENT_TIMING,True,50045.43,50045.43,GW-526949,MATCHED,0.0,True,1,0,YES,0,0.0281,0,LOW,No major deterministic risk factor detected
TXN0120,PAY0120,MATCHED,"Amount, date, payment status and ledger validation passed",True,True,True,POSTED,SUCCESS,0.0,0.0,0.0,0.0,NO_EXCEPTION,NO_DATE_EXCEPTION,LOW,AUTO_RECONCILE,False,172033.46,172033.46,GW-428003,MATCHED,0.0,True,1,0,YES,0,0.0237,0,LOW,No major deterministic risk factor detected
TXN0121,PAY0121,MATCHED,"Amount, date, payment status and ledger validation passed",True,True,True,POSTED,SUCCESS,0.0,0.0,0.0,0.0,NO_EXCEPTION,NO_DATE_EXCEPTION,LOW,AUTO_RECONCILE,False,93334.99,93334.99,GW-740991,MATCHED,0.0,True,1,0,YES,0,0.0223,0,LOW,No major deterministic risk factor detected
TXN0122,PAY0122,MATCHED,"Amount, date, payment status and ledger validation passed",True,True,True,POSTED,SUCCESS,0.0,0.0,0.0,0.0,NO_EXCEPTION,NO_DATE_EXCEPTION,LOW,AUTO_RECONCILE,False,1914.57,1914.57,GW-702987,MATCHED,0.0,True,1,0,YES,0,0.0208,0,LOW,No major deterministic risk factor detected
TXN0123,PAY0123,MATCHED,"Amount, date, payment status and ledger validation passed",True,True,True,POSTED,SUCCESS,0.0,0.0,0.0,0.0,NO_EXCEPTION,NO_DATE_EXCEPTION,LOW,AUTO_RECONCILE,False,14659.58,14659.58,GW-273348,MATCHED,0.0,True,1,0,YES,0,0.021,0,LOW,No major deterministic risk factor detected
TXN0124,PAY0124,DATE_MISMATCH,Bank transaction date differs from payment date by 42 days,True,False,True,POSTED,SUCCESS,42.0,0.0,0.0,42.0,DATE_MISMATCH,CRITICAL,CRITICAL,ESCALATE,True,73099.46,73099.46,GW-699116,MATCHED,0.0,True,1,0,YES,1,0.9834,1,CRITICAL,Date difference is 42 days
TXN0125,PAY0125,DATE_MISMATCH,Bank transaction date differs from payment date by 2 days,True,False,True,POSTED,SUCCESS,2.0,0.0,0.0,2.0,SETTLEMENT_DELAY,LOW,LOW,VERIFY_SETTLEMENT_TIMING,True,8937.17,8937.17,GW-768402,MATCHED,0.0,True,1,0,YES,0,0.0312,0,LOW,No major deterministic risk factor detected
TXN0126,PAY0126,MATCHED,"Amount, date, payment status and ledger validation passed",True,True,True,POSTED,SUCCESS,0.0,0.0,0.0,0.0,NO_EXCEPTION,NO_DATE_EXCEPTION,LOW,AUTO_RECONCILE,False,8386.34,8386.34,GW-124935,MATCHED,0.0,True,1,0,YES,0,0.0209,0,LOW,No major deterministic risk factor detected
TXN0127,PAY0127,MATCHED,"Amount, date, payment status and ledger validation passed",True,True,True,POSTED,SUCCESS,0.0,0.0,0.0,0.0,NO_EXCEPTION,NO_DATE_EXCEPTION,LOW,AUTO_RECONCILE,False,34895.47,34895.47,GW-475946,MATCHED,0.0,True,1,0,YES,0,0.0214,0,LOW,No major deterministic risk factor detected
TXN0128,PAY0128,DATE_MISMATCH,Bank transaction date differs from payment date by 15 days,True,False,True,POSTED,SUCCESS,15.0,0.0,0.0,15.0,DATE_MISMATCH,HIGH,HIGH,HIGH_PRIORITY_INVESTIGATION,True,149642.71,149642.71,GW-462580,MATCHED,0.0,True,1,0,YES,1,0.9338,1,CRITICAL,Date difference is 15 days
TXN0129,PAY0129,MATCHED,"Amount, date, payment status and ledger validation passed",True,True,True,POSTED,SUCCESS,0.0,0.0,0.0,0.0,NO_EXCEPTION,NO_DATE_EXCEPTION,LOW,AUTO_RECONCILE,False,195580.93,195580.93,GW-315514,MATCHED,0.0,True,1,0,YES,0,0.0242,0,LOW,No major deterministic risk factor detected
TXN0130,PAY0130,DATE_MISMATCH,Bank transaction date differs from payment date by 3 days,True,False,True,POSTED,SUCCESS,3.0,0.0,0.0,3.0,DATE_MISMATCH,MEDIUM,MEDIUM,MANUAL_REVIEW,True,17264.29,17264.29,GW-627021,MATCHED,0.0,True,1,0,YES,0,0.0457,0,LOW,No major deterministic risk factor detected
TXN0131,PAY0131,DATE_MISMATCH,Bank transaction date differs from payment date by 23 days,True,False,True,POSTED,SUCCESS,23.0,0.0,0.0,23.0,DATE_MISMATCH,HIGH,HIGH,HIGH_PRIORITY_INVESTIGATION,True,45331.57,45331.57,GW-932655,MATCHED,0.0,True,1,0,YES,1,0.9754,1,CRITICAL,Date difference is 23 days
TXN0132,PAY0132,MATCHED,"Amount, date, payment status and ledger validation passed",True,True,True,POSTED,SUCCESS,0.0,0.0,0.0,0.0,NO_EXCEPTION,NO_DATE_EXCEPTION,LOW,AUTO_RECONCILE,False,74508.78,74508.78,GW-871554,MATCHED,0.0,True,1,0,YES,0,0.022,0,LOW,No major deterministic risk factor detected
TXN0133,PAY0133,PAYMENT_FAILED,Payment gateway status is FAILED,True,True,True,POSTED,FAILED,0.0,0.0,0.0,0.0,PAYMENT_FAILED,NOT_APPLICABLE,HIGH,INVESTIGATE_FAILED_PAYMENT,True,2330.85,2330.85,GW-569414,MATCHED,0.0,True,1,0,YES,1,0.9469,1,CRITICAL,Final status is PAYMENT_FAILED; Payment status is FAILED
TXN0134,PAY0134,MATCHED,"Amount, date, payment status and ledger validation passed",True,True,True,POSTED,SUCCESS,0.0,0.0,0.0,0.0,NO_EXCEPTION,NO_DATE_EXCEPTION,LOW,AUTO_RECONCILE,False,19680.69,19680.69,GW-525707,MATCHED,0.0,True,1,0,YES,0,0.0211,0,LOW,No major deterministic risk factor detected
TXN0135,PAY0135,DATE_MISMATCH,Bank transaction date differs from payment date by 1 days,True,False,True,POSTED,SUCCESS,1.0,0.0,0.0,1.0,SETTLEMENT_DELAY,LOW,LOW,VERIFY_SETTLEMENT_TIMING,True,1330.94,1330.94,GW-301529,MATCHED,0.0,True,1,0,YES,0,0.0271,0,LOW,No major deterministic risk factor detected
TXN0136,PAY0136,DATE_MISMATCH,Bank transaction date differs from payment date by 1 days,True,False,True,POSTED,SUCCESS,1.0,0.0,0.0,1.0,SETTLEMENT_DELAY,LOW,LOW,VERIFY_SETTLEMENT_TIMING,True,40275.69,40275.69,GW-765974,MATCHED,0.0,True,1,0,YES,0,0.0279,0,LOW,No major deterministic risk factor detected
TXN0137,PAY0137,PAYMENT_REFUNDED,Payment gateway status is REFUNDED,True,True,True,POSTED,REFUNDED,0.0,0.0,0.0,0.0,PAYMENT_REFUNDED,NOT_APPLICABLE,HIGH,REVIEW_REFUND,True,13105.94,13105.94,GW-436881,MATCHED,0.0,True,1,0,YES,1,0.9284,1,CRITICAL,Final status is PAYMENT_REFUNDED; Payment status is REFUNDED
TXN0138,PAY0138,DATE_MISMATCH,Bank transaction date differs from payment date by 7 days,True,False,True,POSTED,SUCCESS,7.0,0.0,0.0,7.0,DATE_MISMATCH,MEDIUM,MEDIUM,MANUAL_REVIEW,True,4070.98,4070.98,GW-650363,MATCHED,0.0,True,1,0,YES,0,0.0764,0,LOW,No major deterministic risk factor detected
TXN0139,PAY0139,MATCHED,"Amount, date, payment status and ledger validation passed",True,True,True,POSTED,SUCCESS,0.0,0.0,0.0,0.0,NO_EXCEPTION,NO_DATE_EXCEPTION,LOW,AUTO_RECONCILE,False,23890.0,23890.0,GW-459296,MATCHED,0.0,True,1,0,YES,0,0.0212,0,LOW,No major deterministic risk factor detected
TXN0140,PAY0140,MATCHED,"Amount, date, payment status and ledger validation passed",True,True,True,POSTED,SUCCESS,0.0,0.0,0.0,0.0,NO_EXCEPTION,NO_DATE_EXCEPTION,LOW,AUTO_RECONCILE,False,112179.58,112179.58,GW-636064,MATCHED,0.0,True,1,0,YES,0,0.0227,0,LOW,No major deterministic risk factor detected
TXN0141,PAY0141,DATE_MISMATCH,Bank transaction date differs from payment date by 1 days,True,False,True,POSTED,SUCCESS,1.0,0.0,0.0,1.0,SETTLEMENT_DELAY,LOW,LOW,VERIFY_SETTLEMENT_TIMING,True,6249.41,6249.41,GW-840238,MATCHED,0.0,True,1,0,YES,0,0.0272,0,LOW,No major deterministic risk factor detected
TXN0142,PAY0142,MATCHED,"Amount, date, payment status and ledger validation passed",True,True,True,POSTED,SUCCESS,0.0,0.0,0.0,0.0,NO_EXCEPTION,NO_DATE_EXCEPTION,LOW,AUTO_RECONCILE,False,40283.94,40283.94,GW-797911,MATCHED,0.0,True,1,0,YES,0,0.0215,0,LOW,No major deterministic risk factor detected
TXN0143,PAY0143,DATE_MISMATCH,Bank transaction date differs from payment date by 1 days,True,False,True,POSTED,SUCCESS,1.0,0.0,0.0,1.0,SETTLEMENT_DELAY,LOW,LOW,VERIFY_SETTLEMENT_TIMING,True,62722.09,62722.09,GW-199424,MATCHED,0.0,True,1,0,YES,0,0.0284,0,LOW,No major deterministic risk factor detected
TXN0144,PAY0144,MATCHED,"Amount, date, payment status and ledger validation passed",True,True,True,POSTED,SUCCESS,0.0,0.0,0.0,0.0,NO_EXCEPTION,NO_DATE_EXCEPTION,LOW,AUTO_RECONCILE,False,1935.15,1935.15,GW-289240,MATCHED,0.0,True,1,0,YES,0,0.0208,0,LOW,No major deterministic risk factor detected
TXN0145,PAY0145,MATCHED,"Amount, date, payment status and ledger validation passed",True,True,True,POSTED,SUCCESS,0.0,0.0,0.0,0.0,NO_EXCEPTION,NO_DATE_EXCEPTION,LOW,AUTO_RECONCILE,False,3625.31,3625.31,GW-540189,MATCHED,0.0,True,1,0,YES,0,0.0209,0,LOW,No major deterministic risk factor detected
TXN0146,PAY0146,MATCHED,"Amount, date, payment status and ledger validation passed",True,True,True,POSTED,SUCCESS,0.0,0.0,0.0,0.0,NO_EXCEPTION,NO_DATE_EXCEPTION,LOW,AUTO_RECONCILE,False,2074.17,2074.17,GW-889126,MATCHED,0.0,True,1,0,YES,0,0.0208,0,LOW,No major deterministic risk factor detected
TXN0147,PAY0147,DATE_MISMATCH,Bank transaction date differs from payment date by 29 days,True,False,True,POSTED,SUCCESS,29.0,0.0,0.0,29.0,DATE_MISMATCH,HIGH,HIGH,HIGH_PRIORITY_INVESTIGATION,True,193785.39,193785.39,GW-318354,MATCHED,0.0,True,1,0,YES,1,0.9904,1,CRITICAL,Date difference is 29 days
TXN0148,PAY0148,DATE_MISMATCH,Bank transaction date differs from payment date by 1 days,True,False,True,POSTED,SUCCESS,1.0,0.0,0.0,1.0,SETTLEMENT_DELAY,LOW,LOW,VERIFY_SETTLEMENT_TIMING,True,103616.63,103616.63,GW-694716,MATCHED,0.0,True,1,0,YES,0,0.0293,0,LOW,No major deterministic risk factor detected
TXN0149,PAY0149,MATCHED,"Amount, date, payment status and ledger validation passed",True,True,True,POSTED,SUCCESS,0.0,0.0,0.0,0.0,NO_EXCEPTION,NO_DATE_EXCEPTION,LOW,AUTO_RECONCILE,False,60298.58,60298.58,GW-918348,MATCHED,0.0,True,1,0,YES,0,0.0218,0,LOW,No major deterministic risk factor detected
TXN0150,PAY0333,DUPLICATE_PAYMENT,Matching payment was already assigned to another bank transaction,False,False,False,UNKNOWN,UNKNOWN,0.0,0.0,0.0,,DUPLICATE_PAYMENT,NOT_APPLICABLE,HIGH,MANUAL_REVIEW_DUPLICATE,True,3536.78,3536.78,GW-126000,DUPLICATE_PAYMENT,0.0,False,1,183,YES,1,0.9973,1,CRITICAL,Final status is DUPLICATE_PAYMENT
TXN0151,PAY0151,DATE_MISMATCH,Bank transaction date differs from payment date by 143 days,True,False,True,POSTED,SUCCESS,143.0,0.0,0.0,143.0,DATE_MISMATCH,CRITICAL,CRITICAL,ESCALATE,True,2907.19,2907.19,GW-149812,MATCHED,0.0,True,1,0,YES,1,1.0,1,CRITICAL,Date difference is 143 days
TXN0152,PAY0355,DUPLICATE_PAYMENT,Matching payment was already assigned to another bank transaction,False,False,False,UNKNOWN,UNKNOWN,0.0,0.0,0.0,,DUPLICATE_PAYMENT,NOT_APPLICABLE,HIGH,MANUAL_REVIEW_DUPLICATE,True,14579.87,14579.87,GW-569040,DUPLICATE_PAYMENT,0.0,False,1,203,YES,1,0.9976,1,CRITICAL,Final status is DUPLICATE_PAYMENT
TXN0153,PAY0153,MATCHED,"Amount, date, payment status and ledger validation passed",True,True,True,POSTED,SUCCESS,0.0,0.0,0.0,0.0,NO_EXCEPTION,NO_DATE_EXCEPTION,LOW,AUTO_RECONCILE,False,52788.93,52788.93,GW-700831,MATCHED,0.0,True,1,0,YES,0,0.0217,0,LOW,No major deterministic risk factor detected
TXN0154,PAY0154,MATCHED,"Amount, date, payment status and ledger validation passed",True,True,True,POSTED,SUCCESS,0.0,0.0,0.0,0.0,NO_EXCEPTION,NO_DATE_EXCEPTION,LOW,AUTO_RECONCILE,False,39134.36,39134.36,GW-543210,MATCHED,0.0,True,1,0,YES,0,0.0214,0,LOW,No major deterministic risk factor detected
TXN0155,PAY0155,MATCHED,"Amount, date, payment status and ledger validation passed",True,True,True,POSTED,SUCCESS,0.0,0.0,0.0,0.0,NO_EXCEPTION,NO_DATE_EXCEPTION,LOW,AUTO_RECONCILE,False,74391.65,74391.65,GW-887917,MATCHED,0.0,True,1,0,YES,0,0.022,0,LOW,No major deterministic risk factor detected
TXN0156,PAY0156,MATCHED,"Amount, date, payment status and ledger validation passed",True,True,True,POSTED,SUCCESS,0.0,0.0,0.0,0.0,NO_EXCEPTION,NO_DATE_EXCEPTION,LOW,AUTO_RECONCILE,False,137417.47,137417.47,GW-139068,MATCHED,0.0,True,1,0,YES,0,0.0231,0,LOW,No major deterministic risk factor detected
TXN0157,PAY0157,DATE_MISMATCH,Bank transaction date differs from payment date by 3 days,True,False,True,POSTED,SUCCESS,3.0,0.0,0.0,3.0,DATE_MISMATCH,MEDIUM,MEDIUM,MANUAL_REVIEW,True,75686.84,75686.84,GW-668977,MATCHED,0.0,True,1,0,YES,0,0.0477,0,LOW,No major deterministic risk factor detected
TXN0158,PAY0158,MATCHED,"Amount, date, payment status and ledger validation passed",True,True,True,POSTED,SUCCESS,0.0,0.0,0.0,0.0,NO_EXCEPTION,NO_DATE_EXCEPTION,LOW,AUTO_RECONCILE,False,36290.79,36290.79,GW-185489,MATCHED,0.0,True,1,0,YES,0,0.0214,0,LOW,No major deterministic risk factor detected
TXN0159,PAY0159,MATCHED,"Amount, date, payment status and ledger validation passed",True,True,True,POSTED,SUCCESS,0.0,0.0,0.0,0.0,NO_EXCEPTION,NO_DATE_EXCEPTION,LOW,AUTO_RECONCILE,False,68245.1,68245.1,GW-311301,MATCHED,0.0,True,1,0,YES,0,0.0219,0,LOW,No major deterministic risk factor detected
TXN0160,PAY0160,MATCHED,"Amount, date, payment status and ledger validation passed",True,True,True,POSTED,SUCCESS,0.0,0.0,0.0,0.0,NO_EXCEPTION,NO_DATE_EXCEPTION,LOW,AUTO_RECONCILE,False,1349.9,1349.9,GW-291938,MATCHED,0.0,True,1,0,YES,0,0.0208,0,LOW,No major deterministic risk factor detected
TXN0161,PAY0161,DATE_MISMATCH,Bank transaction date differs from payment date by 1 days,True,False,True,POSTED,SUCCESS,1.0,0.0,0.0,1.0,SETTLEMENT_DELAY,LOW,LOW,VERIFY_SETTLEMENT_TIMING,True,11705.07,11705.07,GW-673758,MATCHED,0.0,True,1,0,YES,0,0.0273,0,LOW,No major deterministic risk factor detected
TXN0162,PAY0162,MATCHED,"Amount, date, payment status and ledger validation passed",True,True,True,POSTED,SUCCESS,0.0,0.0,0.0,0.0,NO_EXCEPTION,NO_DATE_EXCEPTION,LOW,AUTO_RECONCILE,False,6279.41,6279.41,GW-312226,MATCHED,0.0,True,1,0,YES,0,0.0209,0,LOW,No major deterministic risk factor detected
TXN0163,PAY0163,MATCHED,"Amount, date, payment status and ledger validation passed",True,True,True,POSTED,SUCCESS,0.0,0.0,0.0,0.0,NO_EXCEPTION,NO_DATE_EXCEPTION,LOW,AUTO_RECONCILE,False,20792.11,20792.11,GW-598033,MATCHED,0.0,True,1,0,YES,0,0.0211,0,LOW,No major deterministic risk factor detected
TXN0164,PAY0164,DATE_MISMATCH,Bank transaction date differs from payment date by 4 days,True,False,True,POSTED,SUCCESS,4.0,0.0,0.0,4.0,DATE_MISMATCH,MEDIUM,MEDIUM,MANUAL_REVIEW,True,24306.85,24306.85,GW-267759,MATCHED,0.0,True,1,0,YES,0,0.0524,0,LOW,No major deterministic risk factor detected
TXN0165,PAY0165,DATE_MISMATCH,Bank transaction date differs from payment date by 27 days,True,False,True,POSTED,SUCCESS,27.0,0.0,0.0,27.0,DATE_MISMATCH,HIGH,HIGH,HIGH_PRIORITY_INVESTIGATION,True,7076.17,7076.17,GW-572319,MATCHED,0.0,True,1,0,YES,1,0.9853,1,CRITICAL,Date difference is 27 days
TXN0166,PAY0166,DATE_MISMATCH,Bank transaction date differs from payment date by 2 days,True,False,True,POSTED,SUCCESS,2.0,0.0,0.0,2.0,SETTLEMENT_DELAY,LOW,LOW,VERIFY_SETTLEMENT_TIMING,True,1145.19,1145.19,GW-826680,MATCHED,0.0,True,1,0,YES,0,0.0311,0,LOW,No major deterministic risk factor detected
TXN0167,PAY0167,DATE_MISMATCH,Bank transaction date differs from payment date by 2 days,True,False,True,POSTED,SUCCESS,2.0,0.0,0.0,2.0,SETTLEMENT_DELAY,LOW,LOW,VERIFY_SETTLEMENT_TIMING,True,2574.76,2574.76,GW-919502,MATCHED,0.0,True,1,0,YES,0,0.0311,0,LOW,No major deterministic risk factor detected
TXN0168,PAY0168,MATCHED,"Amount, date, payment status and ledger validation passed",True,True,True,POSTED,SUCCESS,0.0,0.0,0.0,0.0,NO_EXCEPTION,NO_DATE_EXCEPTION,LOW,AUTO_RECONCILE,False,17674.02,17674.02,GW-748216,MATCHED,0.0,True,1,0,YES,0,0.0211,0,LOW,No major deterministic risk factor detected
TXN0169,PAY0169,MATCHED,"Amount, date, payment status and ledger validation passed",True,True,True,POSTED,SUCCESS,0.0,0.0,0.0,0.0,NO_EXCEPTION,NO_DATE_EXCEPTION,LOW,AUTO_RECONCILE,False,788.78,788.78,GW-602049,MATCHED,0.0,True,1,0,YES,0,0.0208,0,LOW,No major deterministic risk factor detected
TXN0170,PAY0170,MATCHED,"Amount, date, payment status and ledger validation passed",True,True,True,POSTED,SUCCESS,0.0,0.0,0.0,0.0,NO_EXCEPTION,NO_DATE_EXCEPTION,LOW,AUTO_RECONCILE,False,16814.69,16814.69,GW-167971,MATCHED,0.0,True,1,0,YES,0,0.0211,0,LOW,No major deterministic risk factor detected
TXN0171,PAY0171,DATE_MISMATCH,Bank transaction date differs from payment date by 17 days,True,False,True,POSTED,SUCCESS,17.0,0.0,0.0,17.0,DATE_MISMATCH,HIGH,HIGH,HIGH_PRIORITY_INVESTIGATION,True,12994.79,12994.79,GW-886455,MATCHED,0.0,True,1,0,YES,1,0.9437,1,CRITICAL,Date difference is 17 days
TXN0172,PAY0172,MATCHED,"Amount, date, payment status and ledger validation passed",True,True,True,POSTED,SUCCESS,0.0,0.0,0.0,0.0,NO_EXCEPTION,NO_DATE_EXCEPTION,LOW,AUTO_RECONCILE,False,125990.66,125990.66,GW-162676,MATCHED,0.0,True,1,0,YES,0,0.0229,0,LOW,No major deterministic risk factor detected
TXN0173,PAY0173,MATCHED,"Amount, date, payment status and ledger validation passed",True,True,True,POSTED,SUCCESS,0.0,0.0,0.0,0.0,NO_EXCEPTION,NO_DATE_EXCEPTION,LOW,AUTO_RECONCILE,False,2744.0,2744.0,GW-621272,MATCHED,0.0,True,1,0,YES,0,0.0209,0,LOW,No major deterministic risk factor detected
TXN0174,PAY0174,MATCHED,"Amount, date, payment status and ledger validation passed",True,True,True,POSTED,SUCCESS,0.0,0.0,0.0,0.0,NO_EXCEPTION,NO_DATE_EXCEPTION,LOW,AUTO_RECONCILE,False,41642.41,41642.41,GW-391236,MATCHED,0.0,True,1,0,YES,0,0.0215,0,LOW,No major deterministic risk factor detected
TXN0175,PAY0175,MATCHED,"Amount, date, payment status and ledger validation passed",True,True,True,POSTED,SUCCESS,0.0,0.0,0.0,0.0,NO_EXCEPTION,NO_DATE_EXCEPTION,LOW,AUTO_RECONCILE,False,60453.13,60453.13,GW-139330,MATCHED,0.0,True,1,0,YES,0,0.0218,0,LOW,No major deterministic risk factor detected
TXN0176,PAY0176,LEDGER_EXCEPTION,Ledger entry exists but posting status is PENDING,True,True,True,PENDING,SUCCESS,0.0,0.0,0.0,0.0,LEDGER_EXCEPTION,NOT_APPLICABLE,HIGH,INVESTIGATE_LEDGER,True,22173.63,22173.63,GW-760793,MATCHED,0.0,True,1,0,YES,1,0.9579,1,CRITICAL,Final status is LEDGER_EXCEPTION; Ledger status is PENDING
TXN0177,PAY0177,MATCHED,"Amount, date, payment status and ledger validation passed",True,True,True,POSTED,SUCCESS,0.0,0.0,0.0,0.0,NO_EXCEPTION,NO_DATE_EXCEPTION,LOW,AUTO_RECONCILE,False,1735.42,1735.42,GW-234525,MATCHED,0.0,True,1,0,YES,0,0.0208,0,LOW,No major deterministic risk factor detected
TXN0178,PAY0178,DATE_MISMATCH,Bank transaction date differs from payment date by 1 days,True,False,True,POSTED,SUCCESS,1.0,0.0,0.0,1.0,SETTLEMENT_DELAY,LOW,LOW,VERIFY_SETTLEMENT_TIMING,True,38623.54,38623.54,GW-703041,MATCHED,0.0,True,1,0,YES,0,0.0279,0,LOW,No major deterministic risk factor detected
TXN0179,PAY0179,DATE_MISMATCH,Bank transaction date differs from payment date by 2 days,True,False,True,POSTED,SUCCESS,2.0,0.0,0.0,2.0,SETTLEMENT_DELAY,LOW,LOW,VERIFY_SETTLEMENT_TIMING,True,1381.14,1381.14,GW-637692,MATCHED,0.0,True,1,0,YES,0,0.0311,0,LOW,No major deterministic risk factor detected
TXN0180,PAY0180,MATCHED,"Amount, date, payment status and ledger validation passed",True,True,True,POSTED,SUCCESS,0.0,0.0,0.0,0.0,NO_EXCEPTION,NO_DATE_EXCEPTION,LOW,AUTO_RECONCILE,False,660.2,660.2,GW-552189,MATCHED,0.0,True,1,0,YES,0,0.0208,0,LOW,No major deterministic risk factor detected
TXN0181,PAY0181,MATCHED,"Amount, date, payment status and ledger validation passed",True,True,True,POSTED,SUCCESS,0.0,0.0,0.0,0.0,NO_EXCEPTION,NO_DATE_EXCEPTION,LOW,AUTO_RECONCILE,False,47661.41,47661.41,GW-234119,MATCHED,0.0,True,1,0,YES,0,0.0216,0,LOW,No major deterministic risk factor detected
TXN0182,PAY0182,MATCHED,"Amount, date, payment status and ledger validation passed",True,True,True,POSTED,SUCCESS,0.0,0.0,0.0,0.0,NO_EXCEPTION,NO_DATE_EXCEPTION,LOW,AUTO_RECONCILE,False,12567.33,12567.33,GW-193420,MATCHED,0.0,True,1,0,YES,0,0.021,0,LOW,No major deterministic risk factor detected
TXN0183,PAY0183,DATE_MISMATCH,Bank transaction date differs from payment date by 7 days,True,False,True,POSTED,SUCCESS,7.0,0.0,0.0,7.0,DATE_MISMATCH,MEDIUM,MEDIUM,MANUAL_REVIEW,True,44622.91,44622.91,GW-300482,MATCHED,0.0,True,1,0,YES,0,0.0787,0,LOW,No major deterministic risk factor detected
TXN0184,PAY0184,MATCHED,"Amount, date, payment status and ledger validation passed",True,True,True,POSTED,SUCCESS,0.0,0.0,0.0,0.0,NO_EXCEPTION,NO_DATE_EXCEPTION,LOW,AUTO_RECONCILE,False,21743.62,21743.62,GW-836903,MATCHED,0.0,True,1,0,YES,0,0.0212,0,LOW,No major deterministic risk factor detected
TXN0185,PAY0185,MATCHED,"Amount, date, payment status and ledger validation passed",True,True,True,POSTED,SUCCESS,0.0,0.0,0.0,0.0,NO_EXCEPTION,NO_DATE_EXCEPTION,LOW,AUTO_RECONCILE,False,37960.34,37960.34,GW-180266,MATCHED,0.0,True,1,0,YES,0,0.0214,0,LOW,No major deterministic risk factor detected
TXN0186,PAY0186,MATCHED,"Amount, date, payment status and ledger validation passed",True,True,True,POSTED,SUCCESS,0.0,0.0,0.0,0.0,NO_EXCEPTION,NO_DATE_EXCEPTION,LOW,AUTO_RECONCILE,False,15581.54,15581.54,GW-297042,MATCHED,0.0,True,1,0,YES,0,0.0211,0,LOW,No major deterministic risk factor detected
TXN0187,PAY0187,DATE_MISMATCH,Bank transaction date differs from payment date by 122 days,True,False,True,POSTED,SUCCESS,122.0,0.0,0.0,122.0,DATE_MISMATCH,CRITICAL,CRITICAL,ESCALATE,True,3878.1,3878.1,GW-853660,MATCHED,0.0,True,1,0,YES,1,1.0,1,CRITICAL,Date difference is 122 days
TXN0188,PAY0188,MATCHED,"Amount, date, payment status and ledger validation passed",True,True,True,POSTED,SUCCESS,0.0,0.0,0.0,0.0,NO_EXCEPTION,NO_DATE_EXCEPTION,LOW,AUTO_RECONCILE,False,64829.8,64829.8,GW-840872,MATCHED,0.0,True,1,0,YES,0,0.0219,0,LOW,No major deterministic risk factor detected
TXN0189,PAY0189,DATE_MISMATCH,Bank transaction date differs from payment date by 2 days,True,False,True,POSTED,SUCCESS,2.0,0.0,0.0,2.0,SETTLEMENT_DELAY,LOW,LOW,VERIFY_SETTLEMENT_TIMING,True,182788.89,182788.89,GW-239044,MATCHED,0.0,True,1,0,YES,0,0.0356,0,LOW,No major deterministic risk factor detected
TXN0190,PAY0190,MATCHED,"Amount, date, payment status and ledger validation passed",True,True,True,POSTED,SUCCESS,0.0,0.0,0.0,0.0,NO_EXCEPTION,NO_DATE_EXCEPTION,LOW,AUTO_RECONCILE,False,45985.31,45985.31,GW-903308,MATCHED,0.0,True,1,0,YES,0,0.0216,0,LOW,No major deterministic risk factor detected
TXN0191,PAY0191,MATCHED,"Amount, date, payment status and ledger validation passed",True,True,True,POSTED,SUCCESS,0.0,0.0,0.0,0.0,NO_EXCEPTION,NO_DATE_EXCEPTION,LOW,AUTO_RECONCILE,False,169328.02,169328.02,GW-153153,MATCHED,0.0,True,1,0,YES,0,0.0237,0,LOW,No major deterministic risk factor detected
TXN0192,PAY0192,DATE_MISMATCH,Bank transaction date differs from payment date by 2 days,True,False,True,POSTED,SUCCESS,2.0,0.0,0.0,2.0,SETTLEMENT_DELAY,LOW,LOW,VERIFY_SETTLEMENT_TIMING,True,2436.35,2436.35,GW-244051,MATCHED,0.0,True,1,0,YES,0,0.0311,0,LOW,No major deterministic risk factor detected
TXN0193,PAY0193,MATCHED,"Amount, date, payment status and ledger validation passed",True,True,True,POSTED,SUCCESS,0.0,0.0,0.0,0.0,NO_EXCEPTION,NO_DATE_EXCEPTION,LOW,AUTO_RECONCILE,False,557.48,557.48,GW-441739,MATCHED,0.0,True,1,0,YES,0,0.0208,0,LOW,No major deterministic risk factor detected
TXN0194,PAY0194,MATCHED,"Amount, date, payment status and ledger validation passed",True,True,True,POSTED,SUCCESS,0.0,0.0,0.0,0.0,NO_EXCEPTION,NO_DATE_EXCEPTION,LOW,AUTO_RECONCILE,False,55920.8,55920.8,GW-409569,MATCHED,0.0,True,1,0,YES,0,0.0217,0,LOW,No major deterministic risk factor detected
TXN0195,PAY0195,LEDGER_EXCEPTION,Ledger entry exists but posting status is PENDING,True,True,True,PENDING,SUCCESS,0.0,0.0,0.0,0.0,LEDGER_EXCEPTION,NOT_APPLICABLE,HIGH,INVESTIGATE_LEDGER,True,12951.73,12951.73,GW-477447,MATCHED,0.0,True,1,0,YES,1,0.9576,1,CRITICAL,Final status is LEDGER_EXCEPTION; Ledger status is PENDING
TXN0196,PAY0196,DATE_MISMATCH,Bank transaction date differs from payment date by 48 days,True,False,True,POSTED,SUCCESS,48.0,0.0,0.0,48.0,DATE_MISMATCH,CRITICAL,CRITICAL,ESCALATE,True,2031.72,2031.72,GW-112612,MATCHED,0.0,True,1,0,YES,1,0.9923,1,CRITICAL,Date difference is 48 days
TXN0197,PAY0197,DATE_MISMATCH,Bank transaction date differs from payment date by 74 days,True,False,True,POSTED,SUCCESS,74.0,0.0,0.0,74.0,DATE_MISMATCH,CRITICAL,CRITICAL,ESCALATE,True,676.86,676.86,GW-239292,MATCHED,0.0,True,1,0,YES,1,0.9998,1,CRITICAL,Date difference is 74 days
TXN0198,PAY0198,MATCHED,"Amount, date, payment status and ledger validation passed",True,True,True,POSTED,SUCCESS,0.0,0.0,0.0,0.0,NO_EXCEPTION,NO_DATE_EXCEPTION,LOW,AUTO_RECONCILE,False,39193.26,39193.26,GW-944212,MATCHED,0.0,True,1,0,YES,0,0.0214,0,LOW,No major deterministic risk factor detected
TXN0199,PAY0199,MATCHED,"Amount, date, payment status and ledger validation passed",True,True,True,POSTED,SUCCESS,0.0,0.0,0.0,0.0,NO_EXCEPTION,NO_DATE_EXCEPTION,LOW,AUTO_RECONCILE,False,2415.41,2415.41,GW-588820,MATCHED,0.0,True,1,0,YES,0,0.0208,0,LOW,No major deterministic risk factor detected
TXN0200,PAY0200,MATCHED,"Amount, date, payment status and ledger validation passed",True,True,True,POSTED,SUCCESS,0.0,0.0,0.0,0.0,NO_EXCEPTION,NO_DATE_EXCEPTION,LOW,AUTO_RECONCILE,False,152141.57,152141.57,GW-806142,MATCHED,0.0,True,1,0,YES,0,0.0234,0,LOW,No major deterministic risk factor detected
TXN0201,PAY0201,MATCHED,"Amount, date, payment status and ledger validation passed",True,True,True,POSTED,SUCCESS,0.0,0.0,0.0,0.0,NO_EXCEPTION,NO_DATE_EXCEPTION,LOW,AUTO_RECONCILE,False,975.62,975.62,GW-352523,MATCHED,0.0,True,1,0,YES,0,0.0208,0,LOW,No major deterministic risk factor detected
TXN0202,PAY0202,MATCHED,"Amount, date, payment status and ledger validation passed",True,True,True,POSTED,SUCCESS,0.0,0.0,0.0,0.0,NO_EXCEPTION,NO_DATE_EXCEPTION,LOW,AUTO_RECONCILE,False,176912.83,176912.83,GW-820465,MATCHED,0.0,True,1,0,YES,0,0.0238,0,LOW,No major deterministic risk factor detected
TXN0203,PAY0203,MATCHED,"Amount, date, payment status and ledger validation passed",True,True,True,POSTED,SUCCESS,0.0,0.0,0.0,0.0,NO_EXCEPTION,NO_DATE_EXCEPTION,LOW,AUTO_RECONCILE,False,105512.1,105512.1,GW-748334,MATCHED,0.0,True,1,0,YES,0,0.0226,0,LOW,No major deterministic risk factor detected
TXN0204,PAY0204,DATE_MISMATCH,Bank transaction date differs from payment date by 2 days,True,False,True,POSTED,SUCCESS,2.0,0.0,0.0,2.0,SETTLEMENT_DELAY,LOW,LOW,VERIFY_SETTLEMENT_TIMING,True,51121.34,51121.34,GW-743470,MATCHED,0.0,True,1,0,YES,0,0.0322,0,LOW,No major deterministic risk factor detected
TXN0205,PAY0205,DATE_MISMATCH,Bank transaction date differs from payment date by 2 days,True,False,True,POSTED,SUCCESS,2.0,0.0,0.0,2.0,SETTLEMENT_DELAY,LOW,LOW,VERIFY_SETTLEMENT_TIMING,True,45149.32,45149.32,GW-659150,MATCHED,0.0,True,1,0,YES,0,0.0321,0,LOW,No major deterministic risk factor detected
TXN0206,PAY0206,MATCHED,"Amount, date, payment status and ledger validation passed",True,True,True,POSTED,SUCCESS,0.0,0.0,0.0,0.0,NO_EXCEPTION,NO_DATE_EXCEPTION,LOW,AUTO_RECONCILE,False,4159.68,4159.68,GW-895467,MATCHED,0.0,True,1,0,YES,0,0.0209,0,LOW,No major deterministic risk factor detected
TXN0207,PAY0315,DUPLICATE_PAYMENT,Matching payment was already assigned to another bank transaction,False,False,False,UNKNOWN,UNKNOWN,0.0,0.0,0.0,,DUPLICATE_PAYMENT,NOT_APPLICABLE,HIGH,MANUAL_REVIEW_DUPLICATE,True,9384.65,9384.65,GW-307221,DUPLICATE_PAYMENT,0.0,False,1,108,YES,1,0.996,1,CRITICAL,Final status is DUPLICATE_PAYMENT
TXN0208,PAY0208,DATE_MISMATCH,Bank transaction date differs from payment date by 1 days,True,False,True,POSTED,SUCCESS,1.0,0.0,0.0,1.0,SETTLEMENT_DELAY,LOW,LOW,VERIFY_SETTLEMENT_TIMING,True,44752.65,44752.65,GW-184288,MATCHED,0.0,True,1,0,YES,0,0.028,0,LOW,No major deterministic risk factor detected
TXN0209,PAY0209,MATCHED,"Amount, date, payment status and ledger validation passed",True,True,True,POSTED,SUCCESS,0.0,0.0,0.0,0.0,NO_EXCEPTION,NO_DATE_EXCEPTION,LOW,AUTO_RECONCILE,False,52001.56,52001.56,GW-911703,MATCHED,0.0,True,1,0,YES,0,0.0217,0,LOW,No major deterministic risk factor detected
TXN0210,PAY0210,DATE_MISMATCH,Bank transaction date differs from payment date by 5 days,True,False,True,POSTED,SUCCESS,5.0,0.0,0.0,5.0,DATE_MISMATCH,MEDIUM,MEDIUM,MANUAL_REVIEW,True,107037.54,107037.54,GW-624831,MATCHED,0.0,True,1,0,YES,0,0.0635,0,LOW,No major deterministic risk factor detected
TXN0211,PAY0211,DATE_MISMATCH,Bank transaction date differs from payment date by 1 days,True,False,True,POSTED,SUCCESS,1.0,0.0,0.0,1.0,SETTLEMENT_DELAY,LOW,LOW,VERIFY_SETTLEMENT_TIMING,True,5587.29,5587.29,GW-921042,MATCHED,0.0,True,1,0,YES,0,0.0272,0,LOW,No major deterministic risk factor detected
TXN0212,PAY0212,DATE_MISMATCH,Bank transaction date differs from payment date by 1 days,True,False,True,POSTED,SUCCESS,1.0,0.0,0.0,1.0,SETTLEMENT_DELAY,LOW,LOW,VERIFY_SETTLEMENT_TIMING,True,1667.35,1667.35,GW-219938,MATCHED,0.0,True,1,0,YES,0,0.0271,0,LOW,No major deterministic risk factor detected
TXN0213,PAY0213,MATCHED,"Amount, date, payment status and ledger validation passed",True,True,True,POSTED,SUCCESS,0.0,0.0,0.0,0.0,NO_EXCEPTION,NO_DATE_EXCEPTION,LOW,AUTO_RECONCILE,False,20671.38,20671.38,GW-316552,MATCHED,0.0,True,1,0,YES,0,0.0211,0,LOW,No major deterministic risk factor detected
TXN0214,PAY0214,MATCHED,"Amount, date, payment status and ledger validation passed",True,True,True,POSTED,SUCCESS,0.0,0.0,0.0,0.0,NO_EXCEPTION,NO_DATE_EXCEPTION,LOW,AUTO_RECONCILE,False,6641.4,6641.4,GW-715958,MATCHED,0.0,True,1,0,YES,0,0.0209,0,LOW,No major deterministic risk factor detected
TXN0215,PAY0215,DATE_MISMATCH,Bank transaction date differs from payment date by 128 days,True,False,True,POSTED,SUCCESS,128.0,0.0,0.0,128.0,DATE_MISMATCH,CRITICAL,CRITICAL,ESCALATE,True,1955.29,1955.29,GW-443399,MATCHED,0.0,True,1,0,YES,1,1.0,1,CRITICAL,Date difference is 128 days
TXN0216,PAY0216,MATCHED,"Amount, date, payment status and ledger validation passed",True,True,True,POSTED,SUCCESS,0.0,0.0,0.0,0.0,NO_EXCEPTION,NO_DATE_EXCEPTION,LOW,AUTO_RECONCILE,False,57042.08,57042.08,GW-427672,MATCHED,0.0,True,1,0,YES,0,0.0217,0,LOW,No major deterministic risk factor detected
TXN0217,PAY0217,DATE_MISMATCH,Bank transaction date differs from payment date by 5 days,True,False,True,POSTED,SUCCESS,5.0,0.0,0.0,5.0,DATE_MISMATCH,MEDIUM,MEDIUM,MANUAL_REVIEW,True,115503.4,115503.4,GW-980338,MATCHED,0.0,True,1,0,YES,0,0.0639,0,LOW,No major deterministic risk factor detected
TXN0218,PAY0218,DATE_MISMATCH,Bank transaction date differs from payment date by 2 days,True,False,True,POSTED,SUCCESS,2.0,0.0,0.0,2.0,SETTLEMENT_DELAY,LOW,LOW,VERIFY_SETTLEMENT_TIMING,True,29654.74,29654.74,GW-926796,MATCHED,0.0,True,1,0,YES,0,0.0317,0,LOW,No major deterministic risk factor detected
TXN0219,PAY0219,DATE_MISMATCH,Bank transaction date differs from payment date by 16 days,True,False,True,POSTED,SUCCESS,16.0,0.0,0.0,16.0,DATE_MISMATCH,HIGH,HIGH,HIGH_PRIORITY_INVESTIGATION,True,13609.14,13609.14,GW-213234,MATCHED,0.0,True,1,0,YES,1,0.9358,1,CRITICAL,Date difference is 16 days
TXN0220,PAY0220,MATCHED,"Amount, date, payment status and ledger validation passed",True,True,True,POSTED,SUCCESS,0.0,0.0,0.0,0.0,NO_EXCEPTION,NO_DATE_EXCEPTION,LOW,AUTO_RECONCILE,False,15777.92,15777.92,GW-942647,MATCHED,0.0,True,1,0,YES,0,0.0211,0,LOW,No major deterministic risk factor detected
TXN0221,PAY0221,MATCHED,"Amount, date, payment status and ledger validation passed",True,True,True,POSTED,SUCCESS,0.0,0.0,0.0,0.0,NO_EXCEPTION,NO_DATE_EXCEPTION,LOW,AUTO_RECONCILE,False,199589.19,199589.19,GW-111336,MATCHED,0.0,True,1,0,YES,0,0.0242,0,LOW,No major deterministic risk factor detected
TXN0222,PAY0222,MATCHED,"Amount, date, payment status and ledger validation passed",True,True,True,POSTED,SUCCESS,0.0,0.0,0.0,0.0,NO_EXCEPTION,NO_DATE_EXCEPTION,LOW,AUTO_RECONCILE,False,32235.72,32235.72,GW-877455,MATCHED,0.0,True,1,0,YES,0,0.0213,0,LOW,No major deterministic risk factor detected
TXN0223,PAY0223,DATE_MISMATCH,Bank transaction date differs from payment date by 3 days,True,False,True,POSTED,SUCCESS,3.0,0.0,0.0,3.0,DATE_MISMATCH,MEDIUM,MEDIUM,MANUAL_REVIEW,True,146872.62,146872.62,GW-884242,MATCHED,0.0,True,1,0,YES,0,0.0503,0,LOW,No major deterministic risk factor detected
TXN0224,PAY0224,MATCHED,"Amount, date, payment status and ledger validation passed",True,True,True,POSTED,SUCCESS,0.0,0.0,0.0,0.0,NO_EXCEPTION,NO_DATE_EXCEPTION,LOW,AUTO_RECONCILE,False,52401.19,52401.19,GW-467536,MATCHED,0.0,True,1,0,YES,0,0.0217,0,LOW,No major deterministic risk factor detected
TXN0225,PAY0225,LEDGER_EXCEPTION,Ledger entry exists but posting status is PENDING,True,True,True,PENDING,SUCCESS,0.0,0.0,0.0,0.0,LEDGER_EXCEPTION,NOT_APPLICABLE,HIGH,INVESTIGATE_LEDGER,True,45896.26,45896.26,GW-128414,MATCHED,0.0,True,1,0,YES,1,0.9587,1,CRITICAL,Final status is LEDGER_EXCEPTION; Ledger status is PENDING
TXN0226,PAY0226,DATE_MISMATCH,Bank transaction date differs from payment date by 4 days,True,False,True,POSTED,SUCCESS,4.0,0.0,0.0,4.0,DATE_MISMATCH,MEDIUM,MEDIUM,MANUAL_REVIEW,True,37762.63,37762.63,GW-367016,MATCHED,0.0,True,1,0,YES,0,0.053,0,LOW,No major deterministic risk factor detected
TXN0227,PAY0227,DATE_MISMATCH,Bank transaction date differs from payment date by 2 days,True,False,True,POSTED,SUCCESS,2.0,0.0,0.0,2.0,SETTLEMENT_DELAY,LOW,LOW,VERIFY_SETTLEMENT_TIMING,True,182548.34,182548.34,GW-610193,MATCHED,0.0,True,1,0,YES,0,0.0356,0,LOW,No major deterministic risk factor detected
TXN0228,PAY0228,DATE_MISMATCH,Bank transaction date differs from payment date by 118 days,True,False,True,POSTED,SUCCESS,118.0,0.0,0.0,118.0,DATE_MISMATCH,CRITICAL,CRITICAL,ESCALATE,True,4879.34,4879.34,GW-498252,MATCHED,0.0,True,1,0,YES,1,1.0,1,CRITICAL,Date difference is 118 days
TXN0229,PAY0229,MATCHED,"Amount, date, payment status and ledger validation passed",True,True,True,POSTED,SUCCESS,0.0,0.0,0.0,0.0,NO_EXCEPTION,NO_DATE_EXCEPTION,LOW,AUTO_RECONCILE,False,20254.4,20254.4,GW-718034,MATCHED,0.0,True,1,0,YES,0,0.0211,0,LOW,No major deterministic risk factor detected
TXN0230,PAY0230,AMOUNT_MISMATCH,Bank reference matched a payment candidate but amounts differ,False,False,False,UNKNOWN,UNKNOWN,0.0,0.0,0.0,,AMOUNT_MISMATCH,NOT_APPLICABLE,HIGH,INVESTIGATE_AMOUNT_DIFFERENCE,True,116108.08,116058.08,GW-887623,AMOUNT_MISMATCH,0.0,True,1,0,YES,1,0.9931,1,CRITICAL,Final status is AMOUNT_MISMATCH
TXN0231,PAY0231,DATE_MISMATCH,Bank transaction date differs from payment date by 1 days,True,False,True,POSTED,SUCCESS,1.0,0.0,0.0,1.0,SETTLEMENT_DELAY,LOW,LOW,VERIFY_SETTLEMENT_TIMING,True,58488.81,58488.81,GW-191283,MATCHED,0.0,True,1,0,YES,0,0.0283,0,LOW,No major deterministic risk factor detected
TXN0232,PAY0232,DATE_MISMATCH,Bank transaction date differs from payment date by 1 days,True,False,True,POSTED,SUCCESS,1.0,0.0,0.0,1.0,SETTLEMENT_DELAY,LOW,LOW,VERIFY_SETTLEMENT_TIMING,True,59317.15,59317.15,GW-416984,MATCHED,0.0,True,1,0,YES,0,0.0283,0,LOW,No major deterministic risk factor detected
TXN0233,PAY0233,AMOUNT_MISMATCH,Bank reference matched a payment candidate but amounts differ,False,False,False,UNKNOWN,UNKNOWN,0.0,0.0,0.0,,AMOUNT_MISMATCH,NOT_APPLICABLE,HIGH,INVESTIGATE_AMOUNT_DIFFERENCE,True,166809.11,170213.38,GW-273028,AMOUNT_MISMATCH,0.0,True,1,0,YES,1,0.9934,1,CRITICAL,Final status is AMOUNT_MISMATCH
TXN0234,PAY0234,LEDGER_EXCEPTION,Ledger entry exists but posting status is PENDING,True,True,True,PENDING,SUCCESS,0.0,0.0,0.0,0.0,LEDGER_EXCEPTION,NOT_APPLICABLE,HIGH,INVESTIGATE_LEDGER,True,161533.75,161533.75,GW-586453,MATCHED,0.0,True,1,0,YES,1,0.9621,1,CRITICAL,Final status is LEDGER_EXCEPTION; Ledger status is PENDING
TXN0235,PAY0235,MATCHED,"Amount, date, payment status and ledger validation passed",True,True,True,POSTED,SUCCESS,0.0,0.0,0.0,0.0,NO_EXCEPTION,NO_DATE_EXCEPTION,LOW,AUTO_RECONCILE,False,124445.06,124445.06,GW-900307,MATCHED,0.0,True,1,0,YES,0,0.0229,0,LOW,No major deterministic risk factor detected
TXN0236,PAY0236,MATCHED,"Amount, date, payment status and ledger validation passed",True,True,True,POSTED,SUCCESS,0.0,0.0,0.0,0.0,NO_EXCEPTION,NO_DATE_EXCEPTION,LOW,AUTO_RECONCILE,False,6106.33,6106.33,GW-671979,MATCHED,0.0,True,1,0,YES,0,0.0209,0,LOW,No major deterministic risk factor detected
TXN0237,PAY0237,MATCHED,"Amount, date, payment status and ledger validation passed",True,True,True,POSTED,SUCCESS,0.0,0.0,0.0,0.0,NO_EXCEPTION,NO_DATE_EXCEPTION,LOW,AUTO_RECONCILE,False,13512.68,13512.68,GW-292384,MATCHED,0.0,True,1,0,YES,0,0.021,0,LOW,No major deterministic risk factor detected
TXN0238,PAY0238,DATE_MISMATCH,Bank transaction date differs from payment date by 1 days,True,False,True,POSTED,SUCCESS,1.0,0.0,0.0,1.0,SETTLEMENT_DELAY,LOW,LOW,VERIFY_SETTLEMENT_TIMING,True,4824.05,4824.05,GW-738748,MATCHED,0.0,True,1,0,YES,0,0.0272,0,LOW,No major deterministic risk factor detected
TXN0239,PAY0239,MATCHED,"Amount, date, payment status and ledger validation passed",True,True,True,POSTED,SUCCESS,0.0,0.0,0.0,0.0,NO_EXCEPTION,NO_DATE_EXCEPTION,LOW,AUTO_RECONCILE,False,8326.88,8326.88,GW-624635,MATCHED,0.0,True,1,0,YES,0,0.0209,0,LOW,No major deterministic risk factor detected
TXN0240,PAY0240,AMOUNT_MISMATCH,Bank reference matched a payment candidate but amounts differ,False,False,False,UNKNOWN,UNKNOWN,0.0,0.0,0.0,,AMOUNT_MISMATCH,NOT_APPLICABLE,HIGH,INVESTIGATE_AMOUNT_DIFFERENCE,True,2203.68,4407.37,GW-789485,AMOUNT_MISMATCH,0.0,True,1,0,YES,1,0.9925,1,CRITICAL,Final status is AMOUNT_MISMATCH
TXN0241,PAY0241,DATE_MISMATCH,Bank transaction date differs from payment date by 5 days,True,False,True,POSTED,SUCCESS,5.0,0.0,0.0,5.0,DATE_MISMATCH,MEDIUM,MEDIUM,MANUAL_REVIEW,True,3474.03,3474.03,GW-251626,MATCHED,0.0,True,1,0,YES,0,0.0589,0,LOW,No major deterministic risk factor detected
TXN0242,PAY0242,MATCHED,"Amount, date, payment status and ledger validation passed",True,True,True,POSTED,SUCCESS,0.0,0.0,0.0,0.0,NO_EXCEPTION,NO_DATE_EXCEPTION,LOW,AUTO_RECONCILE,False,41156.39,41156.39,GW-113122,MATCHED,0.0,True,1,0,YES,0,0.0215,0,LOW,No major deterministic risk factor detected
TXN0243,PAY0243,DATE_MISMATCH,Bank transaction date differs from payment date by 2 days,True,False,True,POSTED,SUCCESS,2.0,0.0,0.0,2.0,SETTLEMENT_DELAY,LOW,LOW,VERIFY_SETTLEMENT_TIMING,True,48028.94,48028.94,GW-245435,MATCHED,0.0,True,1,0,YES,0,0.0322,0,LOW,No major deterministic risk factor detected
TXN0244,PAY0244,MATCHED,"Amount, date, payment status and ledger validation passed",True,True,True,POSTED,SUCCESS,0.0,0.0,0.0,0.0,NO_EXCEPTION,NO_DATE_EXCEPTION,LOW,AUTO_RECONCILE,False,12051.05,12051.05,GW-485285,MATCHED,0.0,True,1,0,YES,0,0.021,0,LOW,No major deterministic risk factor detected
TXN0245,PAY0245,MATCHED,"Amount, date, payment status and ledger validation passed",True,True,True,POSTED,SUCCESS,0.0,0.0,0.0,0.0,NO_EXCEPTION,NO_DATE_EXCEPTION,LOW,AUTO_RECONCILE,False,29743.06,29743.06,GW-961913,MATCHED,0.0,True,1,0,YES,0,0.0213,0,LOW,No major deterministic risk factor detected
TXN0246,PAY0246,MATCHED,"Amount, date, payment status and ledger validation passed",True,True,True,POSTED,SUCCESS,0.0,0.0,0.0,0.0,NO_EXCEPTION,NO_DATE_EXCEPTION,LOW,AUTO_RECONCILE,False,185650.17,185650.17,GW-486017,MATCHED,0.0,True,1,0,YES,0,0.024,0,LOW,No major deterministic risk factor detected
TXN0247,PAY0247,MATCHED,"Amount, date, payment status and ledger validation passed",True,True,True,POSTED,SUCCESS,0.0,0.0,0.0,0.0,NO_EXCEPTION,NO_DATE_EXCEPTION,LOW,AUTO_RECONCILE,False,23747.55,23747.55,GW-986781,MATCHED,0.0,True,1,0,YES,0,0.0212,0,LOW,No major deterministic risk factor detected
TXN0248,PAY0248,DATE_MISMATCH,Bank transaction date differs from payment date by 3 days,True,False,True,POSTED,SUCCESS,3.0,0.0,0.0,3.0,DATE_MISMATCH,MEDIUM,MEDIUM,MANUAL_REVIEW,True,28855.4,28855.4,GW-623308,MATCHED,0.0,True,1,0,YES,0,0.0461,0,LOW,No major deterministic risk factor detected
TXN0249,PAY0249,MATCHED,"Amount, date, payment status and ledger validation passed",True,True,True,POSTED,SUCCESS,0.0,0.0,0.0,0.0,NO_EXCEPTION,NO_DATE_EXCEPTION,LOW,AUTO_RECONCILE,False,30103.71,30103.71,GW-474474,MATCHED,0.0,True,1,0,YES,0,0.0213,0,LOW,No major deterministic risk factor detected
TXN0250,PAY0250,DATE_MISMATCH,Bank transaction date differs from payment date by 13 days,True,False,True,POSTED,SUCCESS,13.0,0.0,0.0,13.0,DATE_MISMATCH,HIGH,HIGH,HIGH_PRIORITY_INVESTIGATION,True,150144.42,150144.42,GW-670372,MATCHED,0.0,True,1,0,YES,1,0.9143,1,CRITICAL,Date difference is 13 days
TXN0251,PAY0251,DATE_MISMATCH,Bank transaction date differs from payment date by 2 days,True,False,True,POSTED,SUCCESS,2.0,0.0,0.0,2.0,SETTLEMENT_DELAY,LOW,LOW,VERIFY_SETTLEMENT_TIMING,True,41724.73,41724.73,GW-488654,MATCHED,0.0,True,1,0,YES,0,0.032,0,LOW,No major deterministic risk factor detected
TXN0252,PAY0252,DATE_MISMATCH,Bank transaction date differs from payment date by 26 days,True,False,True,POSTED,SUCCESS,26.0,0.0,0.0,26.0,DATE_MISMATCH,HIGH,HIGH,HIGH_PRIORITY_INVESTIGATION,True,138627.89,138627.89,GW-226703,MATCHED,0.0,True,1,0,YES,1,0.9848,1,CRITICAL,Date difference is 26 days
TXN0253,PAY0253,MATCHED,"Amount, date, payment status and ledger validation passed",True,True,True,POSTED,SUCCESS,0.0,0.0,0.0,0.0,NO_EXCEPTION,NO_DATE_EXCEPTION,LOW,AUTO_RECONCILE,False,18641.32,18641.32,GW-982245,MATCHED,0.0,True,1,0,YES,0,0.0211,0,LOW,No major deterministic risk factor detected
TXN0254,PAY0254,MATCHED,"Amount, date, payment status and ledger validation passed",True,True,True,POSTED,SUCCESS,0.0,0.0,0.0,0.0,NO_EXCEPTION,NO_DATE_EXCEPTION,LOW,AUTO_RECONCILE,False,15489.47,15489.47,GW-352253,MATCHED,0.0,True,1,0,YES,0,0.0211,0,LOW,No major deterministic risk factor detected
TXN0255,PAY0255,MATCHED,"Amount, date, payment status and ledger validation passed",True,True,True,POSTED,SUCCESS,0.0,0.0,0.0,0.0,NO_EXCEPTION,NO_DATE_EXCEPTION,LOW,AUTO_RECONCILE,False,3695.83,3695.83,GW-235427,MATCHED,0.0,True,1,0,YES,0,0.0209,0,LOW,No major deterministic risk factor detected
TXN0256,PAY0256,MATCHED,"Amount, date, payment status and ledger validation passed",True,True,True,POSTED,SUCCESS,0.0,0.0,0.0,0.0,NO_EXCEPTION,NO_DATE_EXCEPTION,LOW,AUTO_RECONCILE,False,63575.63,63575.63,GW-240101,MATCHED,0.0,True,1,0,YES,0,0.0218,0,LOW,No major deterministic risk factor detected
TXN0257,PAY0257,DATE_MISMATCH,Bank transaction date differs from payment date by 25 days,True,False,True,POSTED,SUCCESS,25.0,0.0,0.0,25.0,DATE_MISMATCH,HIGH,HIGH,HIGH_PRIORITY_INVESTIGATION,True,23889.55,23889.55,GW-563019,MATCHED,0.0,True,1,0,YES,1,0.981,1,CRITICAL,Date difference is 25 days
TXN0258,PAY0258,DATE_MISMATCH,Bank transaction date differs from payment date by 7 days,True,False,True,POSTED,SUCCESS,7.0,0.0,0.0,7.0,DATE_MISMATCH,MEDIUM,MEDIUM,MANUAL_REVIEW,True,20116.5,20116.5,GW-493557,MATCHED,0.0,True,1,0,YES,0,0.0773,0,LOW,No major deterministic risk factor detected
TXN0259,PAY0259,DATE_MISMATCH,Bank transaction date differs from payment date by 121 days,True,False,True,POSTED,SUCCESS,121.0,0.0,0.0,121.0,DATE_MISMATCH,CRITICAL,CRITICAL,ESCALATE,True,3150.05,3150.05,GW-492806,MATCHED,0.0,True,1,0,YES,1,1.0,1,CRITICAL,Date difference is 121 days
TXN0260,PAY0260,MATCHED,"Amount, date, payment status and ledger validation passed",True,True,True,POSTED,SUCCESS,0.0,0.0,0.0,0.0,NO_EXCEPTION,NO_DATE_EXCEPTION,LOW,AUTO_RECONCILE,False,24387.94,24387.94,GW-429397,MATCHED,0.0,True,1,0,YES,0,0.0212,0,LOW,No major deterministic risk factor detected
TXN0261,PAY0261,MATCHED,"Amount, date, payment status and ledger validation passed",True,True,True,POSTED,SUCCESS,0.0,0.0,0.0,0.0,NO_EXCEPTION,NO_DATE_EXCEPTION,LOW,AUTO_RECONCILE,False,137122.77,137122.77,GW-594350,MATCHED,0.0,True,1,0,YES,0,0.0231,0,LOW,No major deterministic risk factor detected
TXN0262,PAY0262,DATE_MISMATCH,Bank transaction date differs from payment date by 20 days,True,False,True,POSTED,SUCCESS,20.0,0.0,0.0,20.0,DATE_MISMATCH,HIGH,HIGH,HIGH_PRIORITY_INVESTIGATION,True,21919.58,21919.58,GW-256606,MATCHED,0.0,True,1,0,YES,1,0.9624,1,CRITICAL,Date difference is 20 days
TXN0263,PAY0263,MATCHED,"Amount, date, payment status and ledger validation passed",True,True,True,POSTED,SUCCESS,0.0,0.0,0.0,0.0,NO_EXCEPTION,NO_DATE_EXCEPTION,LOW,AUTO_RECONCILE,False,47329.15,47329.15,GW-161726,MATCHED,0.0,True,1,0,YES,0,0.0216,0,LOW,No major deterministic risk factor detected
TXN0264,PAY0264,DATE_MISMATCH,Bank transaction date differs from payment date by 6 days,True,False,True,POSTED,SUCCESS,6.0,0.0,0.0,6.0,DATE_MISMATCH,MEDIUM,MEDIUM,MANUAL_REVIEW,True,27486.24,27486.24,GW-551335,MATCHED,0.0,True,1,0,YES,0,0.0683,0,LOW,No major deterministic risk factor detected
TXN0265,PAY0265,MATCHED,"Amount, date, payment status and ledger validation passed",True,True,True,POSTED,SUCCESS,0.0,0.0,0.0,0.0,NO_EXCEPTION,NO_DATE_EXCEPTION,LOW,AUTO_RECONCILE,False,24771.31,24771.31,GW-883075,MATCHED,0.0,True,1,0,YES,0,0.0212,0,LOW,No major deterministic risk factor detected
TXN0266,PAY0266,MATCHED,"Amount, date, payment status and ledger validation passed",True,True,True,POSTED,SUCCESS,0.0,0.0,0.0,0.0,NO_EXCEPTION,NO_DATE_EXCEPTION,LOW,AUTO_RECONCILE,False,34558.83,34558.83,GW-642377,MATCHED,0.0,True,1,0,YES,0,0.0214,0,LOW,No major deterministic risk factor detected
TXN0267,PAY0267,MATCHED,"Amount, date, payment status and ledger validation passed",True,True,True,POSTED,SUCCESS,0.0,0.0,0.0,0.0,NO_EXCEPTION,NO_DATE_EXCEPTION,LOW,AUTO_RECONCILE,False,98275.53,98275.53,GW-970806,MATCHED,0.0,True,1,0,YES,0,0.0224,0,LOW,No major deterministic risk factor detected
TXN0268,PAY0268,DATE_MISMATCH,Bank transaction date differs from payment date by 6 days,True,False,True,POSTED,SUCCESS,6.0,0.0,0.0,6.0,DATE_MISMATCH,MEDIUM,MEDIUM,MANUAL_REVIEW,True,194180.18,194180.18,GW-145871,MATCHED,0.0,True,1,0,YES,0,0.077,0,LOW,No major deterministic risk factor detected
TXN0269,PAY0269,AMOUNT_MISMATCH,Bank reference matched a payment candidate but amounts differ,False,False,False,UNKNOWN,UNKNOWN,0.0,0.0,0.0,,AMOUNT_MISMATCH,NOT_APPLICABLE,HIGH,INVESTIGATE_AMOUNT_DIFFERENCE,True,122271.01,122261.01,GW-639293,AMOUNT_MISMATCH,0.0,True,1,0,YES,1,0.9931,1,CRITICAL,Final status is AMOUNT_MISMATCH
TXN0270,PAY0270,DATE_MISMATCH,Bank transaction date differs from payment date by 8 days,True,False,True,POSTED,SUCCESS,8.0,0.0,0.0,8.0,DATE_MISMATCH,HIGH,HIGH,HIGH_PRIORITY_INVESTIGATION,True,72199.66,72199.66,GW-688090,MATCHED,0.0,True,1,0,YES,1,0.8334,1,CRITICAL,Date difference is 8 days
TXN0271,PAY0271,MATCHED,"Amount, date, payment status and ledger validation passed",True,True,True,POSTED,SUCCESS,0.0,0.0,0.0,0.0,NO_EXCEPTION,NO_DATE_EXCEPTION,LOW,AUTO_RECONCILE,False,38099.72,38099.72,GW-212015,MATCHED,0.0,True,1,0,YES,0,0.0214,0,LOW,No major deterministic risk factor detected
TXN0272,PAY0272,DATE_MISMATCH,Bank transaction date differs from payment date by 1 days,True,False,True,POSTED,SUCCESS,1.0,0.0,0.0,1.0,SETTLEMENT_DELAY,LOW,LOW,VERIFY_SETTLEMENT_TIMING,True,49091.55,49091.55,GW-690649,MATCHED,0.0,True,1,0,YES,0,0.0281,0,LOW,No major deterministic risk factor detected
TXN0273,PAY0273,MATCHED,"Amount, date, payment status and ledger validation passed",True,True,True,POSTED,SUCCESS,0.0,0.0,0.0,0.0,NO_EXCEPTION,NO_DATE_EXCEPTION,LOW,AUTO_RECONCILE,False,4008.44,4008.44,GW-469270,MATCHED,0.0,True,1,0,YES,0,0.0209,0,LOW,No major deterministic risk factor detected
TXN0274,PAY0274,MATCHED,"Amount, date, payment status and ledger validation passed",True,True,True,POSTED,SUCCESS,0.0,0.0,0.0,0.0,NO_EXCEPTION,NO_DATE_EXCEPTION,LOW,AUTO_RECONCILE,False,54760.9,54760.9,GW-700145,MATCHED,0.0,True,1,0,YES,0,0.0217,0,LOW,No major deterministic risk factor detected
TXN0275,PAY0275,DATE_MISMATCH,Bank transaction date differs from payment date by 1 days,True,False,True,POSTED,SUCCESS,1.0,0.0,0.0,1.0,SETTLEMENT_DELAY,LOW,LOW,VERIFY_SETTLEMENT_TIMING,True,8051.17,8051.17,GW-998673,MATCHED,0.0,True,1,0,YES,0,0.0273,0,LOW,No major deterministic risk factor detected
TXN0276,PAY0276,DATE_MISMATCH,Bank transaction date differs from payment date by 4 days,True,False,True,POSTED,SUCCESS,4.0,0.0,0.0,4.0,DATE_MISMATCH,MEDIUM,MEDIUM,MANUAL_REVIEW,True,9781.68,9781.68,GW-977621,MATCHED,0.0,True,1,0,YES,0,0.0519,0,LOW,No major deterministic risk factor detected
TXN0277,PAY0277,DATE_MISMATCH,Bank transaction date differs from payment date by 1 days,True,False,True,POSTED,SUCCESS,1.0,0.0,0.0,1.0,SETTLEMENT_DELAY,LOW,LOW,VERIFY_SETTLEMENT_TIMING,True,87502.05,87502.05,GW-592537,MATCHED,0.0,True,1,0,YES,0,0.029,0,LOW,No major deterministic risk factor detected
TXN0278,PAY0278,MATCHED,"Amount, date, payment status and ledger validation passed",True,True,True,POSTED,SUCCESS,0.0,0.0,0.0,0.0,NO_EXCEPTION,NO_DATE_EXCEPTION,LOW,AUTO_RECONCILE,False,70645.64,70645.64,GW-781570,MATCHED,0.0,True,1,0,YES,0,0.022,0,LOW,No major deterministic risk factor detected
TXN0279,PAY0279,MATCHED,"Amount, date, payment status and ledger validation passed",True,True,True,POSTED,SUCCESS,0.0,0.0,0.0,0.0,NO_EXCEPTION,NO_DATE_EXCEPTION,LOW,AUTO_RECONCILE,False,14317.3,14317.3,GW-553405,MATCHED,0.0,True,1,0,YES,0,0.021,0,LOW,No major deterministic risk factor detected
TXN0280,PAY0280,MATCHED,"Amount, date, payment status and ledger validation passed",True,True,True,POSTED,SUCCESS,0.0,0.0,0.0,0.0,NO_EXCEPTION,NO_DATE_EXCEPTION,LOW,AUTO_RECONCILE,False,4017.37,4017.37,GW-439293,MATCHED,0.0,True,1,0,YES,0,0.0209,0,LOW,No major deterministic risk factor detected
TXN0281,PAY0281,MATCHED,"Amount, date, payment status and ledger validation passed",True,True,True,POSTED,SUCCESS,0.0,0.0,0.0,0.0,NO_EXCEPTION,NO_DATE_EXCEPTION,LOW,AUTO_RECONCILE,False,67793.09,67793.09,GW-374761,MATCHED,0.0,True,1,0,YES,0,0.0219,0,LOW,No major deterministic risk factor detected
TXN0282,PAY0282,MATCHED,"Amount, date, payment status and ledger validation passed",True,True,True,POSTED,SUCCESS,0.0,0.0,0.0,0.0,NO_EXCEPTION,NO_DATE_EXCEPTION,LOW,AUTO_RECONCILE,False,1597.25,1597.25,GW-510979,MATCHED,0.0,True,1,0,YES,0,0.0208,0,LOW,No major deterministic risk factor detected
TXN0283,PAY0283,DATE_MISMATCH,Bank transaction date differs from payment date by 2 days,True,False,True,POSTED,SUCCESS,2.0,0.0,0.0,2.0,SETTLEMENT_DELAY,LOW,LOW,VERIFY_SETTLEMENT_TIMING,True,3201.68,3201.68,GW-756391,MATCHED,0.0,True,1,0,YES,0,0.0311,0,LOW,No major deterministic risk factor detected
TXN0284,PAY0284,MATCHED,"Amount, date, payment status and ledger validation passed",True,True,True,POSTED,SUCCESS,0.0,0.0,0.0,0.0,NO_EXCEPTION,NO_DATE_EXCEPTION,LOW,AUTO_RECONCILE,False,65102.69,65102.69,GW-989404,MATCHED,0.0,True,1,0,YES,0,0.0219,0,LOW,No major deterministic risk factor detected
TXN0285,PAY0285,DATE_MISMATCH,Bank transaction date differs from payment date by 1 days,True,False,True,POSTED,SUCCESS,1.0,0.0,0.0,1.0,SETTLEMENT_DELAY,LOW,LOW,VERIFY_SETTLEMENT_TIMING,True,18449.01,18449.01,GW-999555,MATCHED,0.0,True,1,0,YES,0,0.0275,0,LOW,No major deterministic risk factor detected
TXN0286,PAY0242,DUPLICATE_PAYMENT,Matching payment was already assigned to another bank transaction,False,False,False,UNKNOWN,UNKNOWN,0.0,0.0,0.0,,DUPLICATE_PAYMENT,NOT_APPLICABLE,HIGH,MANUAL_REVIEW_DUPLICATE,True,41156.39,41156.39,GW-113122,DUPLICATE_PAYMENT,0.0,False,1,44,YES,1,0.9946,1,CRITICAL,Final status is DUPLICATE_PAYMENT
TXN0287,PAY0287,MATCHED,"Amount, date, payment status and ledger validation passed",True,True,True,POSTED,SUCCESS,0.0,0.0,0.0,0.0,NO_EXCEPTION,NO_DATE_EXCEPTION,LOW,AUTO_RECONCILE,False,4195.37,4195.37,GW-105812,MATCHED,0.0,True,1,0,YES,0,0.0209,0,LOW,No major deterministic risk factor detected
TXN0288,PAY0288,DATE_MISMATCH,Bank transaction date differs from payment date by 2 days,True,False,True,POSTED,SUCCESS,2.0,0.0,0.0,2.0,SETTLEMENT_DELAY,LOW,LOW,VERIFY_SETTLEMENT_TIMING,True,8897.32,8897.32,GW-856303,MATCHED,0.0,True,1,0,YES,0,0.0312,0,LOW,No major deterministic risk factor detected
TXN0289,PAY0289,DATE_MISMATCH,Bank transaction date differs from payment date by 5 days,True,False,True,POSTED,SUCCESS,5.0,0.0,0.0,5.0,DATE_MISMATCH,MEDIUM,MEDIUM,MANUAL_REVIEW,True,31429.69,31429.69,GW-609954,MATCHED,0.0,True,1,0,YES,0,0.0601,0,LOW,No major deterministic risk factor detected
TXN0290,PAY0290,MATCHED,"Amount, date, payment status and ledger validation passed",True,True,True,POSTED,SUCCESS,0.0,0.0,0.0,0.0,NO_EXCEPTION,NO_DATE_EXCEPTION,LOW,AUTO_RECONCILE,False,186879.35,186879.35,GW-433130,MATCHED,0.0,True,1,0,YES,0,0.024,0,LOW,No major deterministic risk factor detected
TXN0291,PAY0291,DATE_MISMATCH,Bank transaction date differs from payment date by 3 days,True,False,True,POSTED,SUCCESS,3.0,0.0,0.0,3.0,DATE_MISMATCH,MEDIUM,MEDIUM,MANUAL_REVIEW,True,113526.36,113526.36,GW-192260,MATCHED,0.0,True,1,0,YES,0,0.0491,0,LOW,No major deterministic risk factor detected
TXN0292,PAY0292,AMOUNT_MISMATCH,Bank reference matched a payment candidate but amounts differ,False,False,False,UNKNOWN,UNKNOWN,0.0,0.0,0.0,,AMOUNT_MISMATCH,NOT_APPLICABLE,HIGH,INVESTIGATE_AMOUNT_DIFFERENCE,True,80780.99,161561.97,GW-833225,AMOUNT_MISMATCH,0.0,True,1,0,YES,1,0.9932,1,CRITICAL,Final status is AMOUNT_MISMATCH
TXN0293,PAY0293,MATCHED,"Amount, date, payment status and ledger validation passed",True,True,True,POSTED,SUCCESS,0.0,0.0,0.0,0.0,NO_EXCEPTION,NO_DATE_EXCEPTION,LOW,AUTO_RECONCILE,False,116355.12,116355.12,GW-825708,MATCHED,0.0,True,1,0,YES,0,0.0227,0,LOW,No major deterministic risk factor detected
TXN0294,PAY0294,DATE_MISMATCH,Bank transaction date differs from payment date by 2 days,True,False,True,POSTED,SUCCESS,2.0,0.0,0.0,2.0,SETTLEMENT_DELAY,LOW,LOW,VERIFY_SETTLEMENT_TIMING,True,197650.65,197650.65,GW-147284,MATCHED,0.0,True,1,0,YES,0,0.036,0,LOW,No major deterministic risk factor detected
TXN0295,PAY0295,MATCHED,"Amount, date, payment status and ledger validation passed",True,True,True,POSTED,SUCCESS,0.0,0.0,0.0,0.0,NO_EXCEPTION,NO_DATE_EXCEPTION,LOW,AUTO_RECONCILE,False,12266.03,12266.03,GW-953354,MATCHED,0.0,True,1,0,YES,0,0.021,0,LOW,No major deterministic risk factor detected
TXN0296,PAY0296,DATE_MISMATCH,Bank transaction date differs from payment date by 2 days,True,False,True,POSTED,SUCCESS,2.0,0.0,0.0,2.0,SETTLEMENT_DELAY,LOW,LOW,VERIFY_SETTLEMENT_TIMING,True,24427.77,24427.77,GW-168450,MATCHED,0.0,True,1,0,YES,0,0.0316,0,LOW,No major deterministic risk factor detected
TXN0297,PAY0297,MATCHED,"Amount, date, payment status and ledger validation passed",True,True,True,POSTED,SUCCESS,0.0,0.0,0.0,0.0,NO_EXCEPTION,NO_DATE_EXCEPTION,LOW,AUTO_RECONCILE,False,2726.7,2726.7,GW-994913,MATCHED,0.0,True,1,0,YES,0,0.0209,0,LOW,No major deterministic risk factor detected
TXN0298,PAY0298,DATE_MISMATCH,Bank transaction date differs from payment date by 18 days,True,False,True,POSTED,SUCCESS,18.0,0.0,0.0,18.0,DATE_MISMATCH,HIGH,HIGH,HIGH_PRIORITY_INVESTIGATION,True,44467.95,44467.95,GW-785803,MATCHED,0.0,True,1,0,YES,1,0.9518,1,CRITICAL,Date difference is 18 days
TXN0299,PAY0299,DATE_MISMATCH,Bank transaction date differs from payment date by 1 days,True,False,True,POSTED,SUCCESS,1.0,0.0,0.0,1.0,SETTLEMENT_DELAY,LOW,LOW,VERIFY_SETTLEMENT_TIMING,True,3659.99,3659.99,GW-457386,MATCHED,0.0,True,1,0,YES,0,0.0272,0,LOW,No major deterministic risk factor detected
TXN0300,PAY0300,MATCHED,"Amount, date, payment status and ledger validation passed",True,True,True,POSTED,SUCCESS,0.0,0.0,0.0,0.0,NO_EXCEPTION,NO_DATE_EXCEPTION,LOW,AUTO_RECONCILE,False,15214.19,15214.19,GW-547562,MATCHED,0.0,True,1,0,YES,0,0.0211,0,LOW,No major deterministic risk factor detected
TXN0301,PAY0301,DATE_MISMATCH,Bank transaction date differs from payment date by 2 days,True,False,True,POSTED,SUCCESS,2.0,0.0,0.0,2.0,SETTLEMENT_DELAY,LOW,LOW,VERIFY_SETTLEMENT_TIMING,True,3567.2,3567.2,GW-767571,MATCHED,0.0,True,1,0,YES,0,0.0311,0,LOW,No major deterministic risk factor detected
TXN0302,PAY0302,DATE_MISMATCH,Bank transaction date differs from payment date by 20 days,True,False,True,POSTED,SUCCESS,20.0,0.0,0.0,20.0,DATE_MISMATCH,HIGH,HIGH,HIGH_PRIORITY_INVESTIGATION,True,43252.86,43252.86,GW-438762,MATCHED,0.0,True,1,0,YES,1,0.963,1,CRITICAL,Date difference is 20 days
TXN0303,PAY0303,DATE_MISMATCH,Bank transaction date differs from payment date by 1 days,True,False,True,POSTED,SUCCESS,1.0,0.0,0.0,1.0,SETTLEMENT_DELAY,LOW,LOW,VERIFY_SETTLEMENT_TIMING,True,18828.92,18828.92,GW-657714,MATCHED,0.0,True,1,0,YES,0,0.0275,0,LOW,No major deterministic risk factor detected
TXN0304,PAY0304,MATCHED,"Amount, date, payment status and ledger validation passed",True,True,True,POSTED,SUCCESS,0.0,0.0,0.0,0.0,NO_EXCEPTION,NO_DATE_EXCEPTION,LOW,AUTO_RECONCILE,False,95623.01,95623.01,GW-975553,MATCHED,0.0,True,1,0,YES,0,0.0224,0,LOW,No major deterministic risk factor detected
TXN0305,PAY0305,DATE_MISMATCH,Bank transaction date differs from payment date by 61 days,True,False,True,POSTED,SUCCESS,61.0,0.0,0.0,61.0,DATE_MISMATCH,CRITICAL,CRITICAL,ESCALATE,True,75946.55,75946.55,GW-206571,MATCHED,0.0,True,1,0,YES,1,0.9988,1,CRITICAL,Date difference is 61 days
TXN0306,PAY0306,DATE_MISMATCH,Bank transaction date differs from payment date by 20 days,True,False,True,POSTED,SUCCESS,20.0,0.0,0.0,20.0,DATE_MISMATCH,HIGH,HIGH,HIGH_PRIORITY_INVESTIGATION,True,3512.43,3512.43,GW-234896,MATCHED,0.0,True,1,0,YES,1,0.9619,1,CRITICAL,Date difference is 20 days
TXN0307,PAY0307,DATE_MISMATCH,Bank transaction date differs from payment date by 1 days,True,False,True,POSTED,SUCCESS,1.0,0.0,0.0,1.0,SETTLEMENT_DELAY,LOW,LOW,VERIFY_SETTLEMENT_TIMING,True,51345.63,51345.63,GW-373440,MATCHED,0.0,True,1,0,YES,0,0.0282,0,LOW,No major deterministic risk factor detected
TXN0308,PAY0308,AMOUNT_MISMATCH,Bank reference matched a payment candidate but amounts differ,False,False,False,UNKNOWN,UNKNOWN,0.0,0.0,0.0,,AMOUNT_MISMATCH,NOT_APPLICABLE,HIGH,INVESTIGATE_AMOUNT_DIFFERENCE,True,10597.51,10587.51,GW-978560,AMOUNT_MISMATCH,0.0,True,1,0,YES,1,0.9925,1,CRITICAL,Final status is AMOUNT_MISMATCH
TXN0309,PAY0309,MATCHED,"Amount, date, payment status and ledger validation passed",True,True,True,POSTED,SUCCESS,0.0,0.0,0.0,0.0,NO_EXCEPTION,NO_DATE_EXCEPTION,LOW,AUTO_RECONCILE,False,3361.44,3361.44,GW-359449,MATCHED,0.0,True,1,0,YES,0,0.0209,0,LOW,No major deterministic risk factor detected
TXN0310,PAY0310,MATCHED,"Amount, date, payment status and ledger validation passed",True,True,True,POSTED,SUCCESS,0.0,0.0,0.0,0.0,NO_EXCEPTION,NO_DATE_EXCEPTION,LOW,AUTO_RECONCILE,False,4570.29,4570.29,GW-491533,MATCHED,0.0,True,1,0,YES,0,0.0209,0,LOW,No major deterministic risk factor detected
TXN0311,PAY0323,DUPLICATE_PAYMENT,Matching payment was already assigned to another bank transaction,False,False,False,UNKNOWN,UNKNOWN,0.0,0.0,0.0,,DUPLICATE_PAYMENT,NOT_APPLICABLE,HIGH,MANUAL_REVIEW_DUPLICATE,True,79090.86,79090.86,GW-369406,DUPLICATE_PAYMENT,0.0,False,1,12,YES,1,0.9938,1,CRITICAL,Final status is DUPLICATE_PAYMENT
TXN0312,PAY0310,DUPLICATE_PAYMENT,Matching payment was already assigned to another bank transaction,False,False,False,UNKNOWN,UNKNOWN,0.0,0.0,0.0,,DUPLICATE_PAYMENT,NOT_APPLICABLE,HIGH,MANUAL_REVIEW_DUPLICATE,True,4570.29,4570.29,GW-491533,DUPLICATE_PAYMENT,0.0,False,1,2,YES,1,0.993,1,CRITICAL,Final status is DUPLICATE_PAYMENT
TXN0313,PAY0313,DATE_MISMATCH,Bank transaction date differs from payment date by 2 days,True,False,True,POSTED,SUCCESS,2.0,0.0,0.0,2.0,SETTLEMENT_DELAY,LOW,LOW,VERIFY_SETTLEMENT_TIMING,True,91204.73,91204.73,GW-250500,MATCHED,0.0,True,1,0,YES,0,0.0332,0,LOW,No major deterministic risk factor detected
TXN0314,PAY0314,MATCHED,"Amount, date, payment status and ledger validation passed",True,True,True,POSTED,SUCCESS,0.0,0.0,0.0,0.0,NO_EXCEPTION,NO_DATE_EXCEPTION,LOW,AUTO_RECONCILE,False,61403.4,61403.4,GW-746657,MATCHED,0.0,True,1,0,YES,0,0.0218,0,LOW,No major deterministic risk factor detected
TXN0315,PAY0315,MATCHED,"Amount, date, payment status and ledger validation passed",True,True,True,POSTED,SUCCESS,0.0,0.0,0.0,0.0,NO_EXCEPTION,NO_DATE_EXCEPTION,LOW,AUTO_RECONCILE,False,9384.65,9384.65,GW-307221,MATCHED,0.0,True,1,0,YES,0,0.021,0,LOW,No major deterministic risk factor detected
TXN0316,PAY0316,MATCHED,"Amount, date, payment status and ledger validation passed",True,True,True,POSTED,SUCCESS,0.0,0.0,0.0,0.0,NO_EXCEPTION,NO_DATE_EXCEPTION,LOW,AUTO_RECONCILE,False,2505.09,2505.09,GW-716176,MATCHED,0.0,True,1,0,YES,0,0.0208,0,LOW,No major deterministic risk factor detected
TXN0317,PAY0317,MATCHED,"Amount, date, payment status and ledger validation passed",True,True,True,POSTED,SUCCESS,0.0,0.0,0.0,0.0,NO_EXCEPTION,NO_DATE_EXCEPTION,LOW,AUTO_RECONCILE,False,2922.25,2922.25,GW-454831,MATCHED,0.0,True,1,0,YES,0,0.0209,0,LOW,No major deterministic risk factor detected
TXN0318,PAY0318,DATE_MISMATCH,Bank transaction date differs from payment date by 2 days,True,False,True,POSTED,SUCCESS,2.0,0.0,0.0,2.0,SETTLEMENT_DELAY,LOW,LOW,VERIFY_SETTLEMENT_TIMING,True,86065.84,86065.84,GW-692136,MATCHED,0.0,True,1,0,YES,0,0.0331,0,LOW,No major deterministic risk factor detected
TXN0319,PAY0319,MATCHED,"Amount, date, payment status and ledger validation passed",True,True,True,POSTED,SUCCESS,0.0,0.0,0.0,0.0,NO_EXCEPTION,NO_DATE_EXCEPTION,LOW,AUTO_RECONCILE,False,199489.06,199489.06,GW-933393,MATCHED,0.0,True,1,0,YES,0,0.0242,0,LOW,No major deterministic risk factor detected
TXN0320,PAY0320,DATE_MISMATCH,Bank transaction date differs from payment date by 12 days,True,False,True,POSTED,SUCCESS,12.0,0.0,0.0,12.0,DATE_MISMATCH,HIGH,HIGH,HIGH_PRIORITY_INVESTIGATION,True,108467.95,108467.95,GW-104159,MATCHED,0.0,True,1,0,YES,1,0.8999,1,CRITICAL,Date difference is 12 days
TXN0321,PAY0321,DATE_MISMATCH,Bank transaction date differs from payment date by 1 days,True,False,True,POSTED,SUCCESS,1.0,0.0,0.0,1.0,SETTLEMENT_DELAY,LOW,LOW,VERIFY_SETTLEMENT_TIMING,True,140726.92,140726.92,GW-348352,MATCHED,0.0,True,1,0,YES,0,0.0301,0,LOW,No major deterministic risk factor detected
TXN0322,PAY0322,DATE_MISMATCH,Bank transaction date differs from payment date by 4 days,True,False,True,POSTED,SUCCESS,4.0,0.0,0.0,4.0,DATE_MISMATCH,MEDIUM,MEDIUM,MANUAL_REVIEW,True,176303.9,176303.9,GW-191681,MATCHED,0.0,True,1,0,YES,0,0.0586,0,LOW,No major deterministic risk factor detected
TXN0323,PAY0323,MATCHED,"Amount, date, payment status and ledger validation passed",True,True,True,POSTED,SUCCESS,0.0,0.0,0.0,0.0,NO_EXCEPTION,NO_DATE_EXCEPTION,LOW,AUTO_RECONCILE,False,79090.86,79090.86,GW-369406,MATCHED,0.0,True,1,0,YES,0,0.0221,0,LOW,No major deterministic risk factor detected
TXN0324,PAY0324,MATCHED,"Amount, date, payment status and ledger validation passed",True,True,True,POSTED,SUCCESS,0.0,0.0,0.0,0.0,NO_EXCEPTION,NO_DATE_EXCEPTION,LOW,AUTO_RECONCILE,False,3497.7,3497.7,GW-256127,MATCHED,0.0,True,1,0,YES,0,0.0209,0,LOW,No major deterministic risk factor detected
TXN0325,PAY0325,MATCHED,"Amount, date, payment status and ledger validation passed",True,True,True,POSTED,SUCCESS,0.0,0.0,0.0,0.0,NO_EXCEPTION,NO_DATE_EXCEPTION,LOW,AUTO_RECONCILE,False,4822.63,4822.63,GW-453985,MATCHED,0.0,True,1,0,YES,0,0.0209,0,LOW,No major deterministic risk factor detected
TXN0326,PAY0326,AMOUNT_MISMATCH,Bank reference matched a payment candidate but amounts differ,False,False,False,UNKNOWN,UNKNOWN,0.0,0.0,0.0,,AMOUNT_MISMATCH,NOT_APPLICABLE,HIGH,INVESTIGATE_AMOUNT_DIFFERENCE,True,871.48,889.27,GW-320165,AMOUNT_MISMATCH,0.0,True,1,0,YES,1,0.9925,1,CRITICAL,Final status is AMOUNT_MISMATCH
TXN0327,PAY0327,MATCHED,"Amount, date, payment status and ledger validation passed",True,True,True,POSTED,SUCCESS,0.0,0.0,0.0,0.0,NO_EXCEPTION,NO_DATE_EXCEPTION,LOW,AUTO_RECONCILE,False,1871.84,1871.84,GW-820595,MATCHED,0.0,True,1,0,YES,0,0.0208,0,LOW,No major deterministic risk factor detected
TXN0328,PAY0328,DATE_MISMATCH,Bank transaction date differs from payment date by 1 days,True,False,True,POSTED,SUCCESS,1.0,0.0,0.0,1.0,SETTLEMENT_DELAY,LOW,LOW,VERIFY_SETTLEMENT_TIMING,True,125593.84,125593.84,GW-540812,MATCHED,0.0,True,1,0,YES,0,0.0298,0,LOW,No major deterministic risk factor detected
TXN0329,PAY0329,MATCHED,"Amount, date, payment status and ledger validation passed",True,True,True,POSTED,SUCCESS,0.0,0.0,0.0,0.0,NO_EXCEPTION,NO_DATE_EXCEPTION,LOW,AUTO_RECONCILE,False,163172.97,163172.97,GW-426236,MATCHED,0.0,True,1,0,YES,0,0.0236,0,LOW,No major deterministic risk factor detected
TXN0330,PAY0330,MATCHED,"Amount, date, payment status and ledger validation passed",True,True,True,POSTED,SUCCESS,0.0,0.0,0.0,0.0,NO_EXCEPTION,NO_DATE_EXCEPTION,LOW,AUTO_RECONCILE,False,154690.62,154690.62,GW-491805,MATCHED,0.0,True,1,0,YES,0,0.0234,0,LOW,No major deterministic risk factor detected
TXN0331,PAY0331,MATCHED,"Amount, date, payment status and ledger validation passed",True,True,True,POSTED,SUCCESS,0.0,0.0,0.0,0.0,NO_EXCEPTION,NO_DATE_EXCEPTION,LOW,AUTO_RECONCILE,False,72935.41,72935.41,GW-995284,MATCHED,0.0,True,1,0,YES,0,0.022,0,LOW,No major deterministic risk factor detected
TXN0332,PAY0332,DATE_MISMATCH,Bank transaction date differs from payment date by 53 days,True,False,True,POSTED,SUCCESS,53.0,0.0,0.0,53.0,DATE_MISMATCH,CRITICAL,CRITICAL,ESCALATE,True,4994.74,4994.74,GW-362258,MATCHED,0.0,True,1,0,YES,1,0.9962,1,CRITICAL,Date difference is 53 days
TXN0333,PAY0333,MATCHED,"Amount, date, payment status and ledger validation passed",True,True,True,POSTED,SUCCESS,0.0,0.0,0.0,0.0,NO_EXCEPTION,NO_DATE_EXCEPTION,LOW,AUTO_RECONCILE,False,3536.78,3536.78,GW-126000,MATCHED,0.0,True,1,0,YES,0,0.0209,0,LOW,No major deterministic risk factor detected
TXN0334,PAY0334,DATE_MISMATCH,Bank transaction date differs from payment date by 3 days,True,False,True,POSTED,SUCCESS,3.0,0.0,0.0,3.0,DATE_MISMATCH,MEDIUM,MEDIUM,MANUAL_REVIEW,True,2411.19,2411.19,GW-163644,MATCHED,0.0,True,1,0,YES,0,0.0452,0,LOW,No major deterministic risk factor detected
TXN0335,PAY0335,MATCHED,"Amount, date, payment status and ledger validation passed",True,True,True,POSTED,SUCCESS,0.0,0.0,0.0,0.0,NO_EXCEPTION,NO_DATE_EXCEPTION,LOW,AUTO_RECONCILE,False,112630.02,112630.02,GW-277360,MATCHED,0.0,True,1,0,YES,0,0.0227,0,LOW,No major deterministic risk factor detected
TXN0336,PAY0453,DUPLICATE_PAYMENT,Matching payment was already assigned to another bank transaction,False,False,False,UNKNOWN,UNKNOWN,0.0,0.0,0.0,,DUPLICATE_PAYMENT,NOT_APPLICABLE,HIGH,MANUAL_REVIEW_DUPLICATE,True,29018.7,29018.7,GW-755268,DUPLICATE_PAYMENT,0.0,False,1,117,YES,1,0.9962,1,CRITICAL,Final status is DUPLICATE_PAYMENT
TXN0337,PAY0337,AMOUNT_MISMATCH,Bank reference matched a payment candidate but amounts differ,False,False,False,UNKNOWN,UNKNOWN,0.0,0.0,0.0,,AMOUNT_MISMATCH,NOT_APPLICABLE,HIGH,INVESTIGATE_AMOUNT_DIFFERENCE,True,7121.7,14243.4,GW-982444,AMOUNT_MISMATCH,0.0,True,1,0,YES,1,0.9925,1,CRITICAL,Final status is AMOUNT_MISMATCH
TXN0338,PAY0338,MATCHED,"Amount, date, payment status and ledger validation passed",True,True,True,POSTED,SUCCESS,0.0,0.0,0.0,0.0,NO_EXCEPTION,NO_DATE_EXCEPTION,LOW,AUTO_RECONCILE,False,3587.13,3587.13,GW-852843,MATCHED,0.0,True,1,0,YES,0,0.0209,0,LOW,No major deterministic risk factor detected
TXN0339,PAY0339,DATE_MISMATCH,Bank transaction date differs from payment date by 1 days,True,False,True,POSTED,SUCCESS,1.0,0.0,0.0,1.0,SETTLEMENT_DELAY,LOW,LOW,VERIFY_SETTLEMENT_TIMING,True,2851.95,2851.95,GW-609142,MATCHED,0.0,True,1,0,YES,0,0.0272,0,LOW,No major deterministic risk factor detected
TXN0340,PAY0340,DATE_MISMATCH,Bank transaction date differs from payment date by 37 days,True,False,True,POSTED,SUCCESS,37.0,0.0,0.0,37.0,DATE_MISMATCH,CRITICAL,CRITICAL,ESCALATE,True,40391.78,40391.78,GW-612452,MATCHED,0.0,True,1,0,YES,1,0.9664,1,CRITICAL,Date difference is 37 days
TXN0341,PAY0341,DATE_MISMATCH,Bank transaction date differs from payment date by 1 days,True,False,True,POSTED,SUCCESS,1.0,0.0,0.0,1.0,SETTLEMENT_DELAY,LOW,LOW,VERIFY_SETTLEMENT_TIMING,True,69497.81,69497.81,GW-514560,MATCHED,0.0,True,1,0,YES,0,0.0286,0,LOW,No major deterministic risk factor detected
TXN0342,PAY0342,DATE_MISMATCH,Bank transaction date differs from payment date by 1 days,True,False,True,POSTED,SUCCESS,1.0,0.0,0.0,1.0,SETTLEMENT_DELAY,LOW,LOW,VERIFY_SETTLEMENT_TIMING,True,124401.11,124401.11,GW-984478,MATCHED,0.0,True,1,0,YES,0,0.0298,0,LOW,No major deterministic risk factor detected
TXN0343,PAY0343,AMOUNT_MISMATCH,Bank reference matched a payment candidate but amounts differ,False,False,False,UNKNOWN,UNKNOWN,0.0,0.0,0.0,,AMOUNT_MISMATCH,NOT_APPLICABLE,HIGH,INVESTIGATE_AMOUNT_DIFFERENCE,True,85015.03,86750.03,GW-570352,AMOUNT_MISMATCH,0.0,True,1,0,YES,1,0.9929,1,CRITICAL,Final status is AMOUNT_MISMATCH
TXN0344,PAY0344,DATE_MISMATCH,Bank transaction date differs from payment date by 4 days,True,False,True,POSTED,SUCCESS,4.0,0.0,0.0,4.0,DATE_MISMATCH,MEDIUM,MEDIUM,MANUAL_REVIEW,True,76470.17,76470.17,GW-288438,MATCHED,0.0,True,1,0,YES,0,0.0545,0,LOW,No major deterministic risk factor detected
TXN0345,PAY0345,MATCHED,"Amount, date, payment status and ledger validation passed",True,True,True,POSTED,SUCCESS,0.0,0.0,0.0,0.0,NO_EXCEPTION,NO_DATE_EXCEPTION,LOW,AUTO_RECONCILE,False,176273.22,176273.22,GW-337943,MATCHED,0.0,True,1,0,YES,0,0.0238,0,LOW,No major deterministic risk factor detected
TXN0346,PAY0346,MATCHED,"Amount, date, payment status and ledger validation passed",True,True,True,POSTED,SUCCESS,0.0,0.0,0.0,0.0,NO_EXCEPTION,NO_DATE_EXCEPTION,LOW,AUTO_RECONCILE,False,23098.14,23098.14,GW-641365,MATCHED,0.0,True,1,0,YES,0,0.0212,0,LOW,No major deterministic risk factor detected
TXN0347,PAY0347,MATCHED,"Amount, date, payment status and ledger validation passed",True,True,True,POSTED,SUCCESS,0.0,0.0,0.0,0.0,NO_EXCEPTION,NO_DATE_EXCEPTION,LOW,AUTO_RECONCILE,False,171371.15,171371.15,GW-957545,MATCHED,0.0,True,1,0,YES,0,0.0237,0,LOW,No major deterministic risk factor detected
TXN0348,PAY0348,DATE_MISMATCH,Bank transaction date differs from payment date by 5 days,True,False,True,POSTED,SUCCESS,5.0,0.0,0.0,5.0,DATE_MISMATCH,MEDIUM,MEDIUM,MANUAL_REVIEW,True,58914.36,58914.36,GW-650318,MATCHED,0.0,True,1,0,YES,0,0.0613,0,LOW,No major deterministic risk factor detected
TXN0349,PAY0274,DUPLICATE_PAYMENT,Matching payment was already assigned to another bank transaction,False,False,False,UNKNOWN,UNKNOWN,0.0,0.0,0.0,,DUPLICATE_PAYMENT,NOT_APPLICABLE,HIGH,MANUAL_REVIEW_DUPLICATE,True,54760.9,54760.9,GW-700145,DUPLICATE_PAYMENT,0.0,False,1,75,YES,1,0.9954,1,CRITICAL,Final status is DUPLICATE_PAYMENT
TXN0350,PAY0350,DATE_MISMATCH,Bank transaction date differs from payment date by 2 days,True,False,True,POSTED,SUCCESS,2.0,0.0,0.0,2.0,SETTLEMENT_DELAY,LOW,LOW,VERIFY_SETTLEMENT_TIMING,True,19074.74,19074.74,GW-988946,MATCHED,0.0,True,1,0,YES,0,0.0315,0,LOW,No major deterministic risk factor detected
TXN0351,PAY0351,DATE_MISMATCH,Bank transaction date differs from payment date by 2 days,True,False,True,POSTED,SUCCESS,2.0,0.0,0.0,2.0,SETTLEMENT_DELAY,LOW,LOW,VERIFY_SETTLEMENT_TIMING,True,70124.9,70124.9,GW-274477,MATCHED,0.0,True,1,0,YES,0,0.0327,0,LOW,No major deterministic risk factor detected
TXN0352,PAY0352,DATE_MISMATCH,Bank transaction date differs from payment date by 2 days,True,False,True,POSTED,SUCCESS,2.0,0.0,0.0,2.0,SETTLEMENT_DELAY,LOW,LOW,VERIFY_SETTLEMENT_TIMING,True,1115.07,1115.07,GW-699552,MATCHED,0.0,True,1,0,YES,0,0.0311,0,LOW,No major deterministic risk factor detected
TXN0353,PAY0353,DATE_MISMATCH,Bank transaction date differs from payment date by 1 days,True,False,True,POSTED,SUCCESS,1.0,0.0,0.0,1.0,SETTLEMENT_DELAY,LOW,LOW,VERIFY_SETTLEMENT_TIMING,True,61443.3,61443.3,GW-327582,MATCHED,0.0,True,1,0,YES,0,0.0284,0,LOW,No major deterministic risk factor detected
TXN0354,PAY0354,DATE_MISMATCH,Bank transaction date differs from payment date by 1 days,True,False,True,POSTED,SUCCESS,1.0,0.0,0.0,1.0,SETTLEMENT_DELAY,LOW,LOW,VERIFY_SETTLEMENT_TIMING,True,105372.26,105372.26,GW-661921,MATCHED,0.0,True,1,0,YES,0,0.0294,0,LOW,No major deterministic risk factor detected
TXN0355,PAY0355,MATCHED,"Amount, date, payment status and ledger validation passed",True,True,True,POSTED,SUCCESS,0.0,0.0,0.0,0.0,NO_EXCEPTION,NO_DATE_EXCEPTION,LOW,AUTO_RECONCILE,False,14579.87,14579.87,GW-569040,MATCHED,0.0,True,1,0,YES,0,0.021,0,LOW,No major deterministic risk factor detected
TXN0356,PAY0356,MATCHED,"Amount, date, payment status and ledger validation passed",True,True,True,POSTED,SUCCESS,0.0,0.0,0.0,0.0,NO_EXCEPTION,NO_DATE_EXCEPTION,LOW,AUTO_RECONCILE,False,120103.35,120103.35,GW-341794,MATCHED,0.0,True,1,0,YES,0,0.0228,0,LOW,No major deterministic risk factor detected
TXN0357,PAY0357,MATCHED,"Amount, date, payment status and ledger validation passed",True,True,True,POSTED,SUCCESS,0.0,0.0,0.0,0.0,NO_EXCEPTION,NO_DATE_EXCEPTION,LOW,AUTO_RECONCILE,False,106877.3,106877.3,GW-947585,MATCHED,0.0,True,1,0,YES,0,0.0226,0,LOW,No major deterministic risk factor detected
TXN0358,PAY0358,DATE_MISMATCH,Bank transaction date differs from payment date by 2 days,True,False,True,POSTED,SUCCESS,2.0,0.0,0.0,2.0,SETTLEMENT_DELAY,LOW,LOW,VERIFY_SETTLEMENT_TIMING,True,11445.87,11445.87,GW-811789,MATCHED,0.0,True,1,0,YES,0,0.0313,0,LOW,No major deterministic risk factor detected
TXN0359,PAY0359,LEDGER_EXCEPTION,Ledger entry exists but posting status is PENDING,True,True,True,PENDING,SUCCESS,0.0,0.0,0.0,0.0,LEDGER_EXCEPTION,NOT_APPLICABLE,HIGH,INVESTIGATE_LEDGER,True,174890.36,174890.36,GW-787573,MATCHED,0.0,True,1,0,YES,1,0.9625,1,CRITICAL,Final status is LEDGER_EXCEPTION; Ledger status is PENDING
TXN0360,PAY0329,DUPLICATE_PAYMENT,Matching payment was already assigned to another bank transaction,False,False,False,UNKNOWN,UNKNOWN,0.0,0.0,0.0,,DUPLICATE_PAYMENT,NOT_APPLICABLE,HIGH,MANUAL_REVIEW_DUPLICATE,True,163172.97,163172.97,GW-426236,DUPLICATE_PAYMENT,0.0,False,1,31,YES,1,0.9947,1,CRITICAL,Final status is DUPLICATE_PAYMENT
TXN0361,PAY0361,DATE_MISMATCH,Bank transaction date differs from payment date by 2 days,True,False,True,POSTED,SUCCESS,2.0,0.0,0.0,2.0,SETTLEMENT_DELAY,LOW,LOW,VERIFY_SETTLEMENT_TIMING,True,45524.93,45524.93,GW-673901,MATCHED,0.0,True,1,0,YES,0,0.0321,0,LOW,No major deterministic risk factor detected
TXN0362,PAY0362,DATE_MISMATCH,Bank transaction date differs from payment date by 4 days,True,False,True,POSTED,SUCCESS,4.0,0.0,0.0,4.0,DATE_MISMATCH,MEDIUM,MEDIUM,MANUAL_REVIEW,True,4429.92,4429.92,GW-309139,MATCHED,0.0,True,1,0,YES,0,0.0517,0,LOW,No major deterministic risk factor detected
TXN0363,PAY0363,MATCHED,"Amount, date, payment status and ledger validation passed",True,True,True,POSTED,SUCCESS,0.0,0.0,0.0,0.0,NO_EXCEPTION,NO_DATE_EXCEPTION,LOW,AUTO_RECONCILE,False,4321.17,4321.17,GW-928453,MATCHED,0.0,True,1,0,YES,0,0.0209,0,LOW,No major deterministic risk factor detected
TXN0364,PAY0364,MATCHED,"Amount, date, payment status and ledger validation passed",True,True,True,POSTED,SUCCESS,0.0,0.0,0.0,0.0,NO_EXCEPTION,NO_DATE_EXCEPTION,LOW,AUTO_RECONCILE,False,123477.61,123477.61,GW-817784,MATCHED,0.0,True,1,0,YES,0,0.0229,0,LOW,No major deterministic risk factor detected
TXN0365,PAY0365,MATCHED,"Amount, date, payment status and ledger validation passed",True,True,True,POSTED,SUCCESS,0.0,0.0,0.0,0.0,NO_EXCEPTION,NO_DATE_EXCEPTION,LOW,AUTO_RECONCILE,False,18880.38,18880.38,GW-278529,MATCHED,0.0,True,1,0,YES,0,0.0211,0,LOW,No major deterministic risk factor detected
TXN0366,PAY0366,MATCHED,"Amount, date, payment status and ledger validation passed",True,True,True,POSTED,SUCCESS,0.0,0.0,0.0,0.0,NO_EXCEPTION,NO_DATE_EXCEPTION,LOW,AUTO_RECONCILE,False,8836.65,8836.65,GW-348981,MATCHED,0.0,True,1,0,YES,0,0.021,0,LOW,No major deterministic risk factor detected
TXN0367,PAY0367,MATCHED,"Amount, date, payment status and ledger validation passed",True,True,True,POSTED,SUCCESS,0.0,0.0,0.0,0.0,NO_EXCEPTION,NO_DATE_EXCEPTION,LOW,AUTO_RECONCILE,False,37324.67,37324.67,GW-342244,MATCHED,0.0,True,1,0,YES,0,0.0214,0,LOW,No major deterministic risk factor detected
TXN0368,PAY0368,MATCHED,"Amount, date, payment status and ledger validation passed",True,True,True,POSTED,SUCCESS,0.0,0.0,0.0,0.0,NO_EXCEPTION,NO_DATE_EXCEPTION,LOW,AUTO_RECONCILE,False,106043.51,106043.51,GW-531058,MATCHED,0.0,True,1,0,YES,0,0.0226,0,LOW,No major deterministic risk factor detected
TXN0369,PAY0369,DATE_MISMATCH,Bank transaction date differs from payment date by 1 days,True,False,True,POSTED,SUCCESS,1.0,0.0,0.0,1.0,SETTLEMENT_DELAY,LOW,LOW,VERIFY_SETTLEMENT_TIMING,True,2411.31,2411.31,GW-903837,MATCHED,0.0,True,1,0,YES,0,0.0271,0,LOW,No major deterministic risk factor detected
TXN0370,PAY0370,DATE_MISMATCH,Bank transaction date differs from payment date by 22 days,True,False,True,POSTED,SUCCESS,22.0,0.0,0.0,22.0,DATE_MISMATCH,HIGH,HIGH,HIGH_PRIORITY_INVESTIGATION,True,77794.24,77794.24,GW-684780,MATCHED,0.0,True,1,0,YES,1,0.9725,1,CRITICAL,Date difference is 22 days
TXN0371,PAY0371,DATE_MISMATCH,Bank transaction date differs from payment date by 73 days,True,False,True,POSTED,SUCCESS,73.0,0.0,0.0,73.0,DATE_MISMATCH,CRITICAL,CRITICAL,ESCALATE,True,2035.99,2035.99,GW-897451,MATCHED,0.0,True,1,0,YES,1,0.9998,1,CRITICAL,Date difference is 73 days
TXN0372,PAY0372,DATE_MISMATCH,Bank transaction date differs from payment date by 6 days,True,False,True,POSTED,SUCCESS,6.0,0.0,0.0,6.0,DATE_MISMATCH,MEDIUM,MEDIUM,MANUAL_REVIEW,True,65174.03,65174.03,GW-432056,MATCHED,0.0,True,1,0,YES,0,0.0702,0,LOW,No major deterministic risk factor detected
TXN0373,PAY0373,DATE_MISMATCH,Bank transaction date differs from payment date by 2 days,True,False,True,POSTED,SUCCESS,2.0,0.0,0.0,2.0,SETTLEMENT_DELAY,LOW,LOW,VERIFY_SETTLEMENT_TIMING,True,31884.5,31884.5,GW-937533,MATCHED,0.0,True,1,0,YES,0,0.0318,0,LOW,No major deterministic risk factor detected
TXN0374,PAY0374,PAYMENT_FAILED,Payment gateway status is FAILED,True,True,True,POSTED,FAILED,0.0,0.0,0.0,0.0,PAYMENT_FAILED,NOT_APPLICABLE,HIGH,INVESTIGATE_FAILED_PAYMENT,True,14186.74,14186.74,GW-352436,MATCHED,0.0,True,1,0,YES,1,0.9474,1,CRITICAL,Final status is PAYMENT_FAILED; Payment status is FAILED
TXN0375,PAY0375,LEDGER_EXCEPTION,Ledger entry exists but posting status is PENDING,True,True,True,PENDING,SUCCESS,0.0,0.0,0.0,0.0,LEDGER_EXCEPTION,NOT_APPLICABLE,HIGH,INVESTIGATE_LEDGER,True,1388.32,1388.32,GW-802146,MATCHED,0.0,True,1,0,YES,1,0.9573,1,CRITICAL,Final status is LEDGER_EXCEPTION; Ledger status is PENDING
TXN0376,PAY0376,MATCHED,"Amount, date, payment status and ledger validation passed",True,True,True,POSTED,SUCCESS,0.0,0.0,0.0,0.0,NO_EXCEPTION,NO_DATE_EXCEPTION,LOW,AUTO_RECONCILE,False,2403.51,2403.51,GW-465528,MATCHED,0.0,True,1,0,YES,0,0.0208,0,LOW,No major deterministic risk factor detected
TXN0377,PAY0377,DATE_MISMATCH,Bank transaction date differs from payment date by 3 days,True,False,True,POSTED,SUCCESS,3.0,0.0,0.0,3.0,DATE_MISMATCH,MEDIUM,MEDIUM,MANUAL_REVIEW,True,133266.2,133266.2,GW-996416,MATCHED,0.0,True,1,0,YES,0,0.0498,0,LOW,No major deterministic risk factor detected
TXN0378,PAY0378,DATE_MISMATCH,Bank transaction date differs from payment date by 1 days,True,False,True,POSTED,SUCCESS,1.0,0.0,0.0,1.0,SETTLEMENT_DELAY,LOW,LOW,VERIFY_SETTLEMENT_TIMING,True,3166.92,3166.92,GW-465618,MATCHED,0.0,True,1,0,YES,0,0.0272,0,LOW,No major deterministic risk factor detected
TXN0379,PAY0379,DATE_MISMATCH,Bank transaction date differs from payment date by 1 days,True,False,True,POSTED,SUCCESS,1.0,0.0,0.0,1.0,SETTLEMENT_DELAY,LOW,LOW,VERIFY_SETTLEMENT_TIMING,True,21415.38,21415.38,GW-385914,MATCHED,0.0,True,1,0,YES,0,0.0275,0,LOW,No major deterministic risk factor detected
TXN0380,PAY0249,DUPLICATE_PAYMENT,Matching payment was already assigned to another bank transaction,False,False,False,UNKNOWN,UNKNOWN,0.0,0.0,0.0,,DUPLICATE_PAYMENT,NOT_APPLICABLE,HIGH,MANUAL_REVIEW_DUPLICATE,True,30103.71,30103.71,GW-474474,DUPLICATE_PAYMENT,0.0,False,1,131,YES,1,0.9965,1,CRITICAL,Final status is DUPLICATE_PAYMENT
TXN0381,PAY0381,DATE_MISMATCH,Bank transaction date differs from payment date by 1 days,True,False,True,POSTED,SUCCESS,1.0,0.0,0.0,1.0,SETTLEMENT_DELAY,LOW,LOW,VERIFY_SETTLEMENT_TIMING,True,105148.2,105148.2,GW-450518,MATCHED,0.0,True,1,0,YES,0,0.0293,0,LOW,No major deterministic risk factor detected
TXN0382,PAY0382,DATE_MISMATCH,Bank transaction date differs from payment date by 7 days,True,False,True,POSTED,SUCCESS,7.0,0.0,0.0,7.0,DATE_MISMATCH,MEDIUM,MEDIUM,MANUAL_REVIEW,True,6971.68,6971.68,GW-988347,MATCHED,0.0,True,1,0,YES,0,0.0766,0,LOW,No major deterministic risk factor detected
TXN0383,PAY0383,DATE_MISMATCH,Bank transaction date differs from payment date by 19 days,True,False,True,POSTED,SUCCESS,19.0,0.0,0.0,19.0,DATE_MISMATCH,HIGH,HIGH,HIGH_PRIORITY_INVESTIGATION,True,7183.05,7183.05,GW-714026,MATCHED,0.0,True,1,0,YES,1,0.9566,1,CRITICAL,Date difference is 19 days
TXN0384,PAY0384,DATE_MISMATCH,Bank transaction date differs from payment date by 7 days,True,False,True,POSTED,SUCCESS,7.0,0.0,0.0,7.0,DATE_MISMATCH,MEDIUM,MEDIUM,MANUAL_REVIEW,True,156092.11,156092.11,GW-980878,MATCHED,0.0,True,1,0,YES,0,0.0852,0,LOW,No major deterministic risk factor detected
TXN0385,PAY0385,DATE_MISMATCH,Bank transaction date differs from payment date by 1 days,True,False,True,POSTED,SUCCESS,1.0,0.0,0.0,1.0,SETTLEMENT_DELAY,LOW,LOW,VERIFY_SETTLEMENT_TIMING,True,67699.65,67699.65,GW-353625,MATCHED,0.0,True,1,0,YES,0,0.0285,0,LOW,No major deterministic risk factor detected
TXN0386,PAY0386,DATE_MISMATCH,Bank transaction date differs from payment date by 4 days,True,False,True,POSTED,SUCCESS,4.0,0.0,0.0,4.0,DATE_MISMATCH,MEDIUM,MEDIUM,MANUAL_REVIEW,True,1688.98,1688.98,GW-467975,MATCHED,0.0,True,1,0,YES,0,0.0516,0,LOW,No major deterministic risk factor detected
TXN0387,PAY0387,DATE_MISMATCH,Bank transaction date differs from payment date by 1 days,True,False,True,POSTED,SUCCESS,1.0,0.0,0.0,1.0,SETTLEMENT_DELAY,LOW,LOW,VERIFY_SETTLEMENT_TIMING,True,3399.06,3399.06,GW-766613,MATCHED,0.0,True,1,0,YES,0,0.0272,0,LOW,No major deterministic risk factor detected
TXN0388,PAY0388,MATCHED,"Amount, date, payment status and ledger validation passed",True,True,True,POSTED,SUCCESS,0.0,0.0,0.0,0.0,NO_EXCEPTION,NO_DATE_EXCEPTION,LOW,AUTO_RECONCILE,False,54692.14,54692.14,GW-543422,MATCHED,0.0,True,1,0,YES,0,0.0217,0,LOW,No major deterministic risk factor detected
TXN0389,PAY0389,MATCHED,"Amount, date, payment status and ledger validation passed",True,True,True,POSTED,SUCCESS,0.0,0.0,0.0,0.0,NO_EXCEPTION,NO_DATE_EXCEPTION,LOW,AUTO_RECONCILE,False,104212.33,104212.33,GW-618268,MATCHED,0.0,True,1,0,YES,0,0.0225,0,LOW,No major deterministic risk factor detected
TXN0390,PAY0390,DATE_MISMATCH,Bank transaction date differs from payment date by 2 days,True,False,True,POSTED,SUCCESS,2.0,0.0,0.0,2.0,SETTLEMENT_DELAY,LOW,LOW,VERIFY_SETTLEMENT_TIMING,True,74971.18,74971.18,GW-791160,MATCHED,0.0,True,1,0,YES,0,0.0328,0,LOW,No major deterministic risk factor detected
TXN0391,PAY0155,DUPLICATE_PAYMENT,Matching payment was already assigned to another bank transaction,False,False,False,UNKNOWN,UNKNOWN,0.0,0.0,0.0,,DUPLICATE_PAYMENT,NOT_APPLICABLE,HIGH,MANUAL_REVIEW_DUPLICATE,True,74391.65,74391.65,GW-887917,DUPLICATE_PAYMENT,0.0,False,1,236,YES,1,0.998,1,CRITICAL,Final status is DUPLICATE_PAYMENT
TXN0392,PAY0392,DATE_MISMATCH,Bank transaction date differs from payment date by 1 days,True,False,True,POSTED,SUCCESS,1.0,0.0,0.0,1.0,SETTLEMENT_DELAY,LOW,LOW,VERIFY_SETTLEMENT_TIMING,True,15955.75,15955.75,GW-498795,MATCHED,0.0,True,1,0,YES,0,0.0274,0,LOW,No major deterministic risk factor detected
TXN0393,PAY0393,DATE_MISMATCH,Bank transaction date differs from payment date by 2 days,True,False,True,POSTED,SUCCESS,2.0,0.0,0.0,2.0,SETTLEMENT_DELAY,LOW,LOW,VERIFY_SETTLEMENT_TIMING,True,6584.57,6584.57,GW-711616,MATCHED,0.0,True,1,0,YES,0,0.0312,0,LOW,No major deterministic risk factor detected
TXN0394,PAY0394,PAYMENT_FAILED,Payment gateway status is FAILED,True,True,True,POSTED,FAILED,0.0,0.0,0.0,0.0,PAYMENT_FAILED,NOT_APPLICABLE,HIGH,INVESTIGATE_FAILED_PAYMENT,True,2708.86,2708.86,GW-233636,MATCHED,0.0,True,1,0,YES,1,0.9469,1,CRITICAL,Final status is PAYMENT_FAILED; Payment status is FAILED
TXN0395,PAY0395,DATE_MISMATCH,Bank transaction date differs from payment date by 3 days,True,False,True,POSTED,SUCCESS,3.0,0.0,0.0,3.0,DATE_MISMATCH,MEDIUM,MEDIUM,MANUAL_REVIEW,True,9152.57,9152.57,GW-386422,MATCHED,0.0,True,1,0,YES,0,0.0454,0,LOW,No major deterministic risk factor detected
TXN0396,PAY0396,PAYMENT_FAILED,Payment gateway status is FAILED,True,True,True,POSTED,FAILED,0.0,0.0,0.0,0.0,PAYMENT_FAILED,NOT_APPLICABLE,HIGH,INVESTIGATE_FAILED_PAYMENT,True,42334.68,42334.68,GW-536522,MATCHED,0.0,True,1,0,YES,1,0.9484,1,CRITICAL,Final status is PAYMENT_FAILED; Payment status is FAILED
TXN0397,PAY0397,DATE_MISMATCH,Bank transaction date differs from payment date by 6 days,True,False,True,POSTED,SUCCESS,6.0,0.0,0.0,6.0,DATE_MISMATCH,MEDIUM,MEDIUM,MANUAL_REVIEW,True,64079.94,64079.94,GW-317159,MATCHED,0.0,True,1,0,YES,0,0.0701,0,LOW,No major deterministic risk factor detected
TXN0398,PAY0398,DATE_MISMATCH,Bank transaction date differs from payment date by 1 days,True,False,True,POSTED,SUCCESS,1.0,0.0,0.0,1.0,SETTLEMENT_DELAY,LOW,LOW,VERIFY_SETTLEMENT_TIMING,True,3602.53,3602.53,GW-118855,MATCHED,0.0,True,1,0,YES,0,0.0272,0,LOW,No major deterministic risk factor detected
TXN0399,PAY0003,DUPLICATE_PAYMENT,Matching payment was already assigned to another bank transaction,False,False,False,UNKNOWN,UNKNOWN,0.0,0.0,0.0,,DUPLICATE_PAYMENT,NOT_APPLICABLE,HIGH,MANUAL_REVIEW_DUPLICATE,True,41110.22,41110.22,GW-297863,DUPLICATE_PAYMENT,0.0,False,1,396,YES,1,0.9991,1,CRITICAL,Final status is DUPLICATE_PAYMENT
TXN0400,PAY0400,MATCHED,"Amount, date, payment status and ledger validation passed",True,True,True,POSTED,SUCCESS,0.0,0.0,0.0,0.0,NO_EXCEPTION,NO_DATE_EXCEPTION,LOW,AUTO_RECONCILE,False,182256.25,182256.25,GW-432236,MATCHED,0.0,True,1,0,YES,0,0.0239,0,LOW,No major deterministic risk factor detected
TXN0401,PAY0401,MATCHED,"Amount, date, payment status and ledger validation passed",True,True,True,POSTED,SUCCESS,0.0,0.0,0.0,0.0,NO_EXCEPTION,NO_DATE_EXCEPTION,LOW,AUTO_RECONCILE,False,180857.34,180857.34,GW-533054,MATCHED,0.0,True,1,0,YES,0,0.0239,0,LOW,No major deterministic risk factor detected
TXN0402,PAY0402,DATE_MISMATCH,Bank transaction date differs from payment date by 20 days,True,False,True,POSTED,SUCCESS,20.0,0.0,0.0,20.0,DATE_MISMATCH,HIGH,HIGH,HIGH_PRIORITY_INVESTIGATION,True,66644.44,66644.44,GW-931346,MATCHED,0.0,True,1,0,YES,1,0.9637,1,CRITICAL,Date difference is 20 days
TXN0403,PAY0403,PAYMENT_FAILED,Payment gateway status is FAILED,True,True,True,POSTED,FAILED,0.0,0.0,0.0,0.0,PAYMENT_FAILED,NOT_APPLICABLE,HIGH,INVESTIGATE_FAILED_PAYMENT,True,119814.69,119814.69,GW-516884,MATCHED,0.0,True,1,0,YES,1,0.9513,1,CRITICAL,Final status is PAYMENT_FAILED; Payment status is FAILED
TXN0404,PAY0404,DATE_MISMATCH,Bank transaction date differs from payment date by 2 days,True,False,True,POSTED,SUCCESS,2.0,0.0,0.0,2.0,SETTLEMENT_DELAY,LOW,LOW,VERIFY_SETTLEMENT_TIMING,True,46730.9,46730.9,GW-934213,MATCHED,0.0,True,1,0,YES,0,0.0321,0,LOW,No major deterministic risk factor detected
TXN0405,PAY0346,DUPLICATE_PAYMENT,Matching payment was already assigned to another bank transaction,False,False,False,UNKNOWN,UNKNOWN,0.0,0.0,0.0,,DUPLICATE_PAYMENT,NOT_APPLICABLE,HIGH,MANUAL_REVIEW_DUPLICATE,True,23098.14,23098.14,GW-641365,DUPLICATE_PAYMENT,0.0,False,1,59,YES,1,0.9949,1,CRITICAL,Final status is DUPLICATE_PAYMENT
TXN0406,PAY0406,DATE_MISMATCH,Bank transaction date differs from payment date by 1 days,True,False,True,POSTED,SUCCESS,1.0,0.0,0.0,1.0,SETTLEMENT_DELAY,LOW,LOW,VERIFY_SETTLEMENT_TIMING,True,87008.44,87008.44,GW-581071,MATCHED,0.0,True,1,0,YES,0,0.0289,0,LOW,No major deterministic risk factor detected
TXN0407,PAY0046,DUPLICATE_PAYMENT,Matching payment was already assigned to another bank transaction,False,False,False,UNKNOWN,UNKNOWN,0.0,0.0,0.0,,DUPLICATE_PAYMENT,NOT_APPLICABLE,HIGH,MANUAL_REVIEW_DUPLICATE,True,2058.94,2058.94,GW-890193,DUPLICATE_PAYMENT,0.0,False,1,361,YES,1,0.9989,1,CRITICAL,Final status is DUPLICATE_PAYMENT
TXN0408,PAY0408,DATE_MISMATCH,Bank transaction date differs from payment date by 1 days,True,False,True,POSTED,SUCCESS,1.0,0.0,0.0,1.0,SETTLEMENT_DELAY,LOW,LOW,VERIFY_SETTLEMENT_TIMING,True,3050.81,3050.81,GW-649293,MATCHED,0.0,True,1,0,YES,0,0.0272,0,LOW,No major deterministic risk factor detected
TXN0409,PAY0409,DATE_MISMATCH,Bank transaction date differs from payment date by 2 days,True,False,True,POSTED,SUCCESS,2.0,0.0,0.0,2.0,SETTLEMENT_DELAY,LOW,LOW,VERIFY_SETTLEMENT_TIMING,True,52723.37,52723.37,GW-244995,MATCHED,0.0,True,1,0,YES,0,0.0323,0,LOW,No major deterministic risk factor detected
TXN0410,PAY0410,LEDGER_EXCEPTION,Ledger entry exists but posting status is PENDING,True,True,True,PENDING,SUCCESS,0.0,0.0,0.0,0.0,LEDGER_EXCEPTION,NOT_APPLICABLE,HIGH,INVESTIGATE_LEDGER,True,17208.7,17208.7,GW-170128,MATCHED,0.0,True,1,0,YES,1,0.9578,1,CRITICAL,Final status is LEDGER_EXCEPTION; Ledger status is PENDING
TXN0411,PAY0411,MATCHED,"Amount, date, payment status and ledger validation passed",True,True,True,POSTED,SUCCESS,0.0,0.0,0.0,0.0,NO_EXCEPTION,NO_DATE_EXCEPTION,LOW,AUTO_RECONCILE,False,43749.76,43749.76,GW-286339,MATCHED,0.0,True,1,0,YES,0,0.0215,0,LOW,No major deterministic risk factor detected
TXN0412,PAY0412,DATE_MISMATCH,Bank transaction date differs from payment date by 2 days,True,False,True,POSTED,SUCCESS,2.0,0.0,0.0,2.0,SETTLEMENT_DELAY,LOW,LOW,VERIFY_SETTLEMENT_TIMING,True,3477.75,3477.75,GW-848654,MATCHED,0.0,True,1,0,YES,0,0.0311,0,LOW,No major deterministic risk factor detected
TXN0413,PAY0071,DUPLICATE_PAYMENT,Matching payment was already assigned to another bank transaction,False,False,False,UNKNOWN,UNKNOWN,0.0,0.0,0.0,,DUPLICATE_PAYMENT,NOT_APPLICABLE,HIGH,MANUAL_REVIEW_DUPLICATE,True,4834.33,4834.33,GW-172888,DUPLICATE_PAYMENT,0.0,False,1,342,YES,1,0.9988,1,CRITICAL,Final status is DUPLICATE_PAYMENT
TXN0414,PAY0414,PAYMENT_FAILED,Payment gateway status is FAILED,True,True,True,POSTED,FAILED,0.0,0.0,0.0,0.0,PAYMENT_FAILED,NOT_APPLICABLE,HIGH,INVESTIGATE_FAILED_PAYMENT,True,125864.49,125864.49,GW-751473,MATCHED,0.0,True,1,0,YES,1,0.9515,1,CRITICAL,Final status is PAYMENT_FAILED; Payment status is FAILED
TXN0415,PAY0415,PAYMENT_FAILED,Payment gateway status is FAILED,True,True,True,POSTED,FAILED,0.0,0.0,0.0,0.0,PAYMENT_FAILED,NOT_APPLICABLE,HIGH,INVESTIGATE_FAILED_PAYMENT,True,19979.36,19979.36,GW-982782,MATCHED,0.0,True,1,0,YES,1,0.9476,1,CRITICAL,Final status is PAYMENT_FAILED; Payment status is FAILED
TXN0416,PAY0416,LEDGER_EXCEPTION,Ledger entry exists but posting status is PENDING,True,True,True,PENDING,SUCCESS,0.0,0.0,0.0,0.0,LEDGER_EXCEPTION,NOT_APPLICABLE,HIGH,INVESTIGATE_LEDGER,True,57622.43,57622.43,GW-770323,MATCHED,0.0,True,1,0,YES,1,0.959,1,CRITICAL,Final status is LEDGER_EXCEPTION; Ledger status is PENDING
TXN0417,PAY0417,DATE_MISMATCH,Bank transaction date differs from payment date by 47 days,True,False,True,POSTED,SUCCESS,47.0,0.0,0.0,47.0,DATE_MISMATCH,CRITICAL,CRITICAL,ESCALATE,True,3467.2,3467.2,GW-987587,MATCHED,0.0,True,1,0,YES,1,0.9912,1,CRITICAL,Date difference is 47 days
TXN0418,PAY0418,DATE_MISMATCH,Bank transaction date differs from payment date by 1 days,True,False,True,POSTED,SUCCESS,1.0,0.0,0.0,1.0,SETTLEMENT_DELAY,LOW,LOW,VERIFY_SETTLEMENT_TIMING,True,7216.73,7216.73,GW-408123,MATCHED,0.0,True,1,0,YES,0,0.0272,0,LOW,No major deterministic risk factor detected
TXN0419,PAY0419,DATE_MISMATCH,Bank transaction date differs from payment date by 1 days,True,False,True,POSTED,SUCCESS,1.0,0.0,0.0,1.0,SETTLEMENT_DELAY,LOW,LOW,VERIFY_SETTLEMENT_TIMING,True,13552.57,13552.57,GW-570769,MATCHED,0.0,True,1,0,YES,0,0.0274,0,LOW,No major deterministic risk factor detected
TXN0420,PAY0420,MATCHED,"Amount, date, payment status and ledger validation passed",True,True,True,POSTED,SUCCESS,0.0,0.0,0.0,0.0,NO_EXCEPTION,NO_DATE_EXCEPTION,LOW,AUTO_RECONCILE,False,6957.41,6957.41,GW-287284,MATCHED,0.0,True,1,0,YES,0,0.0209,0,LOW,No major deterministic risk factor detected
TXN0421,PAY0421,DATE_MISMATCH,Bank transaction date differs from payment date by 2 days,True,False,True,POSTED,SUCCESS,2.0,0.0,0.0,2.0,SETTLEMENT_DELAY,LOW,LOW,VERIFY_SETTLEMENT_TIMING,True,6444.26,6444.26,GW-489645,MATCHED,0.0,True,1,0,YES,0,0.0312,0,LOW,No major deterministic risk factor detected
TXN0422,PAY0422,DATE_MISMATCH,Bank transaction date differs from payment date by 2 days,True,False,True,POSTED,SUCCESS,2.0,0.0,0.0,2.0,SETTLEMENT_DELAY,LOW,LOW,VERIFY_SETTLEMENT_TIMING,True,17634.39,17634.39,GW-820247,MATCHED,0.0,True,1,0,YES,0,0.0314,0,LOW,No major deterministic risk factor detected
TXN0423,PAY0423,DATE_MISMATCH,Bank transaction date differs from payment date by 1 days,True,False,True,POSTED,SUCCESS,1.0,0.0,0.0,1.0,SETTLEMENT_DELAY,LOW,LOW,VERIFY_SETTLEMENT_TIMING,True,3094.97,3094.97,GW-378169,MATCHED,0.0,True,1,0,YES,0,0.0272,0,LOW,No major deterministic risk factor detected
TXN0424,PAY0424,DATE_MISMATCH,Bank transaction date differs from payment date by 2 days,True,False,True,POSTED,SUCCESS,2.0,0.0,0.0,2.0,SETTLEMENT_DELAY,LOW,LOW,VERIFY_SETTLEMENT_TIMING,True,864.94,864.94,GW-659431,MATCHED,0.0,True,1,0,YES,0,0.031,0,LOW,No major deterministic risk factor detected
TXN0425,PAY0425,MATCHED,"Amount, date, payment status and ledger validation passed",True,True,True,POSTED,SUCCESS,0.0,0.0,0.0,0.0,NO_EXCEPTION,NO_DATE_EXCEPTION,LOW,AUTO_RECONCILE,False,114215.14,114215.14,GW-326813,MATCHED,0.0,True,1,0,YES,0,0.0227,0,LOW,No major deterministic risk factor detected
TXN0426,PAY0426,DATE_MISMATCH,Bank transaction date differs from payment date by 2 days,True,False,True,POSTED,SUCCESS,2.0,0.0,0.0,2.0,SETTLEMENT_DELAY,LOW,LOW,VERIFY_SETTLEMENT_TIMING,True,20156.36,20156.36,GW-408604,MATCHED,0.0,True,1,0,YES,0,0.0315,0,LOW,No major deterministic risk factor detected
TXN0427,PAY0427,DATE_MISMATCH,Bank transaction date differs from payment date by 1 days,True,False,True,POSTED,SUCCESS,1.0,0.0,0.0,1.0,SETTLEMENT_DELAY,LOW,LOW,VERIFY_SETTLEMENT_TIMING,True,4966.44,4966.44,GW-152148,MATCHED,0.0,True,1,0,YES,0,0.0272,0,LOW,No major deterministic risk factor detected
TXN0428,PAY0428,MATCHED,"Amount, date, payment status and ledger validation passed",True,True,True,POSTED,SUCCESS,0.0,0.0,0.0,0.0,NO_EXCEPTION,NO_DATE_EXCEPTION,LOW,AUTO_RECONCILE,False,2718.19,2718.19,GW-248228,MATCHED,0.0,True,1,0,YES,0,0.0209,0,LOW,No major deterministic risk factor detected
TXN0429,PAY0429,MATCHED,"Amount, date, payment status and ledger validation passed",True,True,True,POSTED,SUCCESS,0.0,0.0,0.0,0.0,NO_EXCEPTION,NO_DATE_EXCEPTION,LOW,AUTO_RECONCILE,False,82232.94,82232.94,GW-514339,MATCHED,0.0,True,1,0,YES,0,0.0222,0,LOW,No major deterministic risk factor detected
TXN0430,PAY0430,DATE_MISMATCH,Bank transaction date differs from payment date by 6 days,True,False,True,POSTED,SUCCESS,6.0,0.0,0.0,6.0,DATE_MISMATCH,MEDIUM,MEDIUM,MANUAL_REVIEW,True,141927.43,141927.43,GW-689457,MATCHED,0.0,True,1,0,YES,0,0.0742,0,LOW,No major deterministic risk factor detected
TXN0431,PAY0431,MATCHED,"Amount, date, payment status and ledger validation passed",True,True,True,POSTED,SUCCESS,0.0,0.0,0.0,0.0,NO_EXCEPTION,NO_DATE_EXCEPTION,LOW,AUTO_RECONCILE,False,81701.35,81701.35,GW-436807,MATCHED,0.0,True,1,0,YES,0,0.0221,0,LOW,No major deterministic risk factor detected
TXN0432,PAY0432,MATCHED,"Amount, date, payment status and ledger validation passed",True,True,True,POSTED,SUCCESS,0.0,0.0,0.0,0.0,NO_EXCEPTION,NO_DATE_EXCEPTION,LOW,AUTO_RECONCILE,False,53552.09,53552.09,GW-809270,MATCHED,0.0,True,1,0,YES,0,0.0217,0,LOW,No major deterministic risk factor detected
TXN0433,PAY0433,DATE_MISMATCH,Bank transaction date differs from payment date by 2 days,True,False,True,POSTED,SUCCESS,2.0,0.0,0.0,2.0,SETTLEMENT_DELAY,LOW,LOW,VERIFY_SETTLEMENT_TIMING,True,1777.5,1777.5,GW-298945,MATCHED,0.0,True,1,0,YES,0,0.0311,0,LOW,No major deterministic risk factor detected
TXN0434,PAY0434,DATE_MISMATCH,Bank transaction date differs from payment date by 5 days,True,False,True,POSTED,SUCCESS,5.0,0.0,0.0,5.0,DATE_MISMATCH,MEDIUM,MEDIUM,MANUAL_REVIEW,True,3711.22,3711.22,GW-499749,MATCHED,0.0,True,1,0,YES,0,0.0589,0,LOW,No major deterministic risk factor detected
TXN0435,PAY0435,DATE_MISMATCH,Bank transaction date differs from payment date by 5 days,True,False,True,POSTED,SUCCESS,5.0,0.0,0.0,5.0,DATE_MISMATCH,MEDIUM,MEDIUM,MANUAL_REVIEW,True,159820.15,159820.15,GW-803479,MATCHED,0.0,True,1,0,YES,0,0.066,0,LOW,No major deterministic risk factor detected
TXN0436,PAY0436,DATE_MISMATCH,Bank transaction date differs from payment date by 7 days,True,False,True,POSTED,SUCCESS,7.0,0.0,0.0,7.0,DATE_MISMATCH,MEDIUM,MEDIUM,MANUAL_REVIEW,True,108637.06,108637.06,GW-567792,MATCHED,0.0,True,1,0,YES,0,0.0824,0,LOW,No major deterministic risk factor detected
TXN0437,PAY0437,MATCHED,"Amount, date, payment status and ledger validation passed",True,True,True,POSTED,SUCCESS,0.0,0.0,0.0,0.0,NO_EXCEPTION,NO_DATE_EXCEPTION,LOW,AUTO_RECONCILE,False,18140.27,18140.27,GW-727873,MATCHED,0.0,True,1,0,YES,0,0.0211,0,LOW,No major deterministic risk factor detected
TXN0438,PAY0438,DATE_MISMATCH,Bank transaction date differs from payment date by 2 days,True,False,True,POSTED,SUCCESS,2.0,0.0,0.0,2.0,SETTLEMENT_DELAY,LOW,LOW,VERIFY_SETTLEMENT_TIMING,True,29968.76,29968.76,GW-270138,MATCHED,0.0,True,1,0,YES,0,0.0317,0,LOW,No major deterministic risk factor detected
TXN0439,PAY0439,AMOUNT_MISMATCH,Bank reference matched a payment candidate but amounts differ,False,False,False,UNKNOWN,UNKNOWN,0.0,0.0,0.0,,AMOUNT_MISMATCH,NOT_APPLICABLE,HIGH,INVESTIGATE_AMOUNT_DIFFERENCE,True,9442.28,18884.56,GW-631215,AMOUNT_MISMATCH,0.0,True,1,0,YES,1,0.9925,1,CRITICAL,Final status is AMOUNT_MISMATCH
TXN0440,PAY0440,MATCHED,"Amount, date, payment status and ledger validation passed",True,True,True,POSTED,SUCCESS,0.0,0.0,0.0,0.0,NO_EXCEPTION,NO_DATE_EXCEPTION,LOW,AUTO_RECONCILE,False,148860.81,148860.81,GW-921864,MATCHED,0.0,True,1,0,YES,0,0.0233,0,LOW,No major deterministic risk factor detected
TXN0441,PAY0441,DATE_MISMATCH,Bank transaction date differs from payment date by 1 days,True,False,True,POSTED,SUCCESS,1.0,0.0,0.0,1.0,SETTLEMENT_DELAY,LOW,LOW,VERIFY_SETTLEMENT_TIMING,True,7248.76,7248.76,GW-189525,MATCHED,0.0,True,1,0,YES,0,0.0272,0,LOW,No major deterministic risk factor detected
TXN0442,PAY0442,DATE_MISMATCH,Bank transaction date differs from payment date by 2 days,True,False,True,POSTED,SUCCESS,2.0,0.0,0.0,2.0,SETTLEMENT_DELAY,LOW,LOW,VERIFY_SETTLEMENT_TIMING,True,190318.94,190318.94,GW-978785,MATCHED,0.0,True,1,0,YES,0,0.0358,0,LOW,No major deterministic risk factor detected
TXN0443,PAY0443,MATCHED,"Amount, date, payment status and ledger validation passed",True,True,True,POSTED,SUCCESS,0.0,0.0,0.0,0.0,NO_EXCEPTION,NO_DATE_EXCEPTION,LOW,AUTO_RECONCILE,False,61230.65,61230.65,GW-224973,MATCHED,0.0,True,1,0,YES,0,0.0218,0,LOW,No major deterministic risk factor detected
TXN0444,PAY0444,MATCHED,"Amount, date, payment status and ledger validation passed",True,True,True,POSTED,SUCCESS,0.0,0.0,0.0,0.0,NO_EXCEPTION,NO_DATE_EXCEPTION,LOW,AUTO_RECONCILE,False,21943.33,21943.33,GW-389577,MATCHED,0.0,True,1,0,YES,0,0.0212,0,LOW,No major deterministic risk factor detected
TXN0445,PAY0445,DATE_MISMATCH,Bank transaction date differs from payment date by 5 days,True,False,True,POSTED,SUCCESS,5.0,0.0,0.0,5.0,DATE_MISMATCH,MEDIUM,MEDIUM,MANUAL_REVIEW,True,2952.37,2952.37,GW-359454,MATCHED,0.0,True,1,0,YES,0,0.0589,0,LOW,No major deterministic risk factor detected
TXN0446,PAY0446,MATCHED,"Amount, date, payment status and ledger validation passed",True,True,True,POSTED,SUCCESS,0.0,0.0,0.0,0.0,NO_EXCEPTION,NO_DATE_EXCEPTION,LOW,AUTO_RECONCILE,False,143699.79,143699.79,GW-931374,MATCHED,0.0,True,1,0,YES,0,0.0232,0,LOW,No major deterministic risk factor detected
TXN0447,PAY0447,DATE_MISMATCH,Bank transaction date differs from payment date by 1 days,True,False,True,POSTED,SUCCESS,1.0,0.0,0.0,1.0,SETTLEMENT_DELAY,LOW,LOW,VERIFY_SETTLEMENT_TIMING,True,10993.7,10993.7,GW-623736,MATCHED,0.0,True,1,0,YES,0,0.0273,0,LOW,No major deterministic risk factor detected
TXN0448,PAY0448,PAYMENT_REFUNDED,Payment gateway status is REFUNDED,True,True,True,POSTED,REFUNDED,0.0,0.0,0.0,0.0,PAYMENT_REFUNDED,NOT_APPLICABLE,HIGH,REVIEW_REFUND,True,123024.7,123024.7,GW-622189,MATCHED,0.0,True,1,0,YES,1,0.9339,1,CRITICAL,Final status is PAYMENT_REFUNDED; Payment status is REFUNDED
TXN0449,PAY0449,DATE_MISMATCH,Bank transaction date differs from payment date by 22 days,True,False,True,POSTED,SUCCESS,22.0,0.0,0.0,22.0,DATE_MISMATCH,HIGH,HIGH,HIGH_PRIORITY_INVESTIGATION,True,196882.81,196882.81,GW-112220,MATCHED,0.0,True,1,0,YES,1,0.9749,1,CRITICAL,Date difference is 22 days
TXN0450,PAY0450,MATCHED,"Amount, date, payment status and ledger validation passed",True,True,True,POSTED,SUCCESS,0.0,0.0,0.0,0.0,NO_EXCEPTION,NO_DATE_EXCEPTION,LOW,AUTO_RECONCILE,False,159043.96,159043.96,GW-971270,MATCHED,0.0,True,1,0,YES,0,0.0235,0,LOW,No major deterministic risk factor detected
TXN0451,PAY0451,DATE_MISMATCH,Bank transaction date differs from payment date by 47 days,True,False,True,POSTED,SUCCESS,47.0,0.0,0.0,47.0,DATE_MISMATCH,CRITICAL,CRITICAL,ESCALATE,True,88034.04,88034.04,GW-444489,MATCHED,0.0,True,1,0,YES,1,0.9918,1,CRITICAL,Date difference is 47 days
TXN0452,PAY0452,MATCHED,"Amount, date, payment status and ledger validation passed",True,True,True,POSTED,SUCCESS,0.0,0.0,0.0,0.0,NO_EXCEPTION,NO_DATE_EXCEPTION,LOW,AUTO_RECONCILE,False,26880.78,26880.78,GW-572524,MATCHED,0.0,True,1,0,YES,0,0.0212,0,LOW,No major deterministic risk factor detected
TXN0453,PAY0453,MATCHED,"Amount, date, payment status and ledger validation passed",True,True,True,POSTED,SUCCESS,0.0,0.0,0.0,0.0,NO_EXCEPTION,NO_DATE_EXCEPTION,LOW,AUTO_RECONCILE,False,29018.7,29018.7,GW-755268,MATCHED,0.0,True,1,0,YES,0,0.0213,0,LOW,No major deterministic risk factor detected
TXN0454,PAY0454,MATCHED,"Amount, date, payment status and ledger validation passed",True,True,True,POSTED,SUCCESS,0.0,0.0,0.0,0.0,NO_EXCEPTION,NO_DATE_EXCEPTION,LOW,AUTO_RECONCILE,False,50113.92,50113.92,GW-655618,MATCHED,0.0,True,1,0,YES,0,0.0216,0,LOW,No major deterministic risk factor detected
TXN0455,PAY0455,DATE_MISMATCH,Bank transaction date differs from payment date by 2 days,True,False,True,POSTED,SUCCESS,2.0,0.0,0.0,2.0,SETTLEMENT_DELAY,LOW,LOW,VERIFY_SETTLEMENT_TIMING,True,72296.93,72296.93,GW-230313,MATCHED,0.0,True,1,0,YES,0,0.0328,0,LOW,No major deterministic risk factor detected
TXN0456,PAY0456,MATCHED,"Amount, date, payment status and ledger validation passed",True,True,True,POSTED,SUCCESS,0.0,0.0,0.0,0.0,NO_EXCEPTION,NO_DATE_EXCEPTION,LOW,AUTO_RECONCILE,False,59872.73,59872.73,GW-796415,MATCHED,0.0,True,1,0,YES,0,0.0218,0,LOW,No major deterministic risk factor detected
TXN0457,PAY0457,MATCHED,"Amount, date, payment status and ledger validation passed",True,True,True,POSTED,SUCCESS,0.0,0.0,0.0,0.0,NO_EXCEPTION,NO_DATE_EXCEPTION,LOW,AUTO_RECONCILE,False,3623.7,3623.7,GW-273912,MATCHED,0.0,True,1,0,YES,0,0.0209,0,LOW,No major deterministic risk factor detected
TXN0458,PAY0458,DATE_MISMATCH,Bank transaction date differs from payment date by 7 days,True,False,True,POSTED,SUCCESS,7.0,0.0,0.0,7.0,DATE_MISMATCH,MEDIUM,MEDIUM,MANUAL_REVIEW,True,54190.88,54190.88,GW-139786,MATCHED,0.0,True,1,0,YES,0,0.0792,0,LOW,No major deterministic risk factor detected
TXN0459,PAY0459,LEDGER_EXCEPTION,Ledger entry exists but posting status is PENDING,True,True,True,PENDING,SUCCESS,0.0,0.0,0.0,0.0,LEDGER_EXCEPTION,NOT_APPLICABLE,HIGH,INVESTIGATE_LEDGER,True,129220.59,129220.59,GW-640981,MATCHED,0.0,True,1,0,YES,1,0.9612,1,CRITICAL,Final status is LEDGER_EXCEPTION; Ledger status is PENDING
TXN0460,PAY0460,DATE_MISMATCH,Bank transaction date differs from payment date by 3 days,True,False,True,POSTED,SUCCESS,3.0,0.0,0.0,3.0,DATE_MISMATCH,MEDIUM,MEDIUM,MANUAL_REVIEW,True,37711.97,37711.97,GW-218640,MATCHED,0.0,True,1,0,YES,0,0.0464,0,LOW,No major deterministic risk factor detected
TXN0461,PAY0461,AMOUNT_MISMATCH,Bank reference matched a payment candidate but amounts differ,False,False,False,UNKNOWN,UNKNOWN,0.0,0.0,0.0,,AMOUNT_MISMATCH,NOT_APPLICABLE,HIGH,INVESTIGATE_AMOUNT_DIFFERENCE,True,5181.9,10363.81,GW-598829,AMOUNT_MISMATCH,0.0,True,1,0,YES,1,0.9925,1,CRITICAL,Final status is AMOUNT_MISMATCH
TXN0462,PAY0462,DATE_MISMATCH,Bank transaction date differs from payment date by 52 days,True,False,True,POSTED,SUCCESS,52.0,0.0,0.0,52.0,DATE_MISMATCH,CRITICAL,CRITICAL,ESCALATE,True,2394.0,2394.0,GW-905015,MATCHED,0.0,True,1,0,YES,1,0.9956,1,CRITICAL,Date difference is 52 days
TXN0463,PAY0463,MATCHED,"Amount, date, payment status and ledger validation passed",True,True,True,POSTED,SUCCESS,0.0,0.0,0.0,0.0,NO_EXCEPTION,NO_DATE_EXCEPTION,LOW,AUTO_RECONCILE,False,45717.34,45717.34,GW-213554,MATCHED,0.0,True,1,0,YES,0,0.0215,0,LOW,No major deterministic risk factor detected
TXN0464,PAY0464,DATE_MISMATCH,Bank transaction date differs from payment date by 2 days,True,False,True,POSTED,SUCCESS,2.0,0.0,0.0,2.0,SETTLEMENT_DELAY,LOW,LOW,VERIFY_SETTLEMENT_TIMING,True,1644.39,1644.39,GW-913572,MATCHED,0.0,True,1,0,YES,0,0.0311,0,LOW,No major deterministic risk factor detected
TXN0465,PAY0465,MATCHED,"Amount, date, payment status and ledger validation passed",True,True,True,POSTED,SUCCESS,0.0,0.0,0.0,0.0,NO_EXCEPTION,NO_DATE_EXCEPTION,LOW,AUTO_RECONCILE,False,105198.62,105198.62,GW-207138,MATCHED,0.0,True,1,0,YES,0,0.0225,0,LOW,No major deterministic risk factor detected
TXN0466,PAY0466,DATE_MISMATCH,Bank transaction date differs from payment date by 57 days,True,False,True,POSTED,SUCCESS,57.0,0.0,0.0,57.0,DATE_MISMATCH,CRITICAL,CRITICAL,ESCALATE,True,10358.1,10358.1,GW-233864,MATCHED,0.0,True,1,0,YES,1,0.9978,1,CRITICAL,Date difference is 57 days
TXN0467,PAY0467,MATCHED,"Amount, date, payment status and ledger validation passed",True,True,True,POSTED,SUCCESS,0.0,0.0,0.0,0.0,NO_EXCEPTION,NO_DATE_EXCEPTION,LOW,AUTO_RECONCILE,False,41566.52,41566.52,GW-529094,MATCHED,0.0,True,1,0,YES,0,0.0215,0,LOW,No major deterministic risk factor detected
TXN0468,PAY0468,MATCHED,"Amount, date, payment status and ledger validation passed",True,True,True,POSTED,SUCCESS,0.0,0.0,0.0,0.0,NO_EXCEPTION,NO_DATE_EXCEPTION,LOW,AUTO_RECONCILE,False,19841.83,19841.83,GW-201916,MATCHED,0.0,True,1,0,YES,0,0.0211,0,LOW,No major deterministic risk factor detected
TXN0469,PAY0469,MATCHED,"Amount, date, payment status and ledger validation passed",True,True,True,POSTED,SUCCESS,0.0,0.0,0.0,0.0,NO_EXCEPTION,NO_DATE_EXCEPTION,LOW,AUTO_RECONCILE,False,195177.09,195177.09,GW-947668,MATCHED,0.0,True,1,0,YES,0,0.0241,0,LOW,No major deterministic risk factor detected
TXN0470,PAY0470,DATE_MISMATCH,Bank transaction date differs from payment date by 2 days,True,False,True,POSTED,SUCCESS,2.0,0.0,0.0,2.0,SETTLEMENT_DELAY,LOW,LOW,VERIFY_SETTLEMENT_TIMING,True,3049.58,3049.58,GW-669441,MATCHED,0.0,True,1,0,YES,0,0.0311,0,LOW,No major deterministic risk factor detected
TXN0471,PAY0471,MATCHED,"Amount, date, payment status and ledger validation passed",True,True,True,POSTED,SUCCESS,0.0,0.0,0.0,0.0,NO_EXCEPTION,NO_DATE_EXCEPTION,LOW,AUTO_RECONCILE,False,168530.95,168530.95,GW-185845,MATCHED,0.0,True,1,0,YES,0,0.0237,0,LOW,No major deterministic risk factor detected
TXN0472,PAY0472,MATCHED,"Amount, date, payment status and ledger validation passed",True,True,True,POSTED,SUCCESS,0.0,0.0,0.0,0.0,NO_EXCEPTION,NO_DATE_EXCEPTION,LOW,AUTO_RECONCILE,False,67066.02,67066.02,GW-535814,MATCHED,0.0,True,1,0,YES,0,0.0219,0,LOW,No major deterministic risk factor detected
TXN0473,PAY0473,DATE_MISMATCH,Bank transaction date differs from payment date by 2 days,True,False,True,POSTED,SUCCESS,2.0,0.0,0.0,2.0,SETTLEMENT_DELAY,LOW,LOW,VERIFY_SETTLEMENT_TIMING,True,2661.61,2661.61,GW-862663,MATCHED,0.0,True,1,0,YES,0,0.0311,0,LOW,No major deterministic risk factor detected
TXN0474,PAY0474,DATE_MISMATCH,Bank transaction date differs from payment date by 2 days,True,False,True,POSTED,SUCCESS,2.0,0.0,0.0,2.0,SETTLEMENT_DELAY,LOW,LOW,VERIFY_SETTLEMENT_TIMING,True,2832.45,2832.45,GW-986287,MATCHED,0.0,True,1,0,YES,0,0.0311,0,LOW,No major deterministic risk factor detected
TXN0475,PAY0475,DATE_MISMATCH,Bank transaction date differs from payment date by 10 days,True,False,True,POSTED,SUCCESS,10.0,0.0,0.0,10.0,DATE_MISMATCH,HIGH,HIGH,HIGH_PRIORITY_INVESTIGATION,True,13146.41,13146.41,GW-314881,MATCHED,0.0,True,1,0,YES,1,0.8633,1,CRITICAL,Date difference is 10 days
TXN0476,PAY0476,DATE_MISMATCH,Bank transaction date differs from payment date by 10 days,True,False,True,POSTED,SUCCESS,10.0,0.0,0.0,10.0,DATE_MISMATCH,HIGH,HIGH,HIGH_PRIORITY_INVESTIGATION,True,5410.64,5410.64,GW-963390,MATCHED,0.0,True,1,0,YES,1,0.8626,1,CRITICAL,Date difference is 10 days
TXN0477,PAY0477,DATE_MISMATCH,Bank transaction date differs from payment date by 1 days,True,False,True,POSTED,SUCCESS,1.0,0.0,0.0,1.0,SETTLEMENT_DELAY,LOW,LOW,VERIFY_SETTLEMENT_TIMING,True,13898.66,13898.66,GW-258226,MATCHED,0.0,True,1,0,YES,0,0.0274,0,LOW,No major deterministic risk factor detected
TXN0478,PAY0478,DATE_MISMATCH,Bank transaction date differs from payment date by 30 days,True,False,True,POSTED,SUCCESS,30.0,0.0,0.0,30.0,DATE_MISMATCH,HIGH,HIGH,HIGH_PRIORITY_INVESTIGATION,True,38226.09,38226.09,GW-849946,MATCHED,0.0,True,1,0,YES,1,0.9905,1,CRITICAL,Date difference is 30 days
TXN0479,PAY0479,DATE_MISMATCH,Bank transaction date differs from payment date by 10 days,True,False,True,POSTED,SUCCESS,10.0,0.0,0.0,10.0,DATE_MISMATCH,HIGH,HIGH,HIGH_PRIORITY_INVESTIGATION,True,22798.81,22798.81,GW-989816,MATCHED,0.0,True,1,0,YES,1,0.8642,1,CRITICAL,Date difference is 10 days
TXN0480,PAY0480,DATE_MISMATCH,Bank transaction date differs from payment date by 4 days,True,False,True,POSTED,SUCCESS,4.0,0.0,0.0,4.0,DATE_MISMATCH,MEDIUM,MEDIUM,MANUAL_REVIEW,True,55946.25,55946.25,GW-966787,MATCHED,0.0,True,1,0,YES,0,0.0537,0,LOW,No major deterministic risk factor detected
TXN0481,PAY0174,DUPLICATE_PAYMENT,Matching payment was already assigned to another bank transaction,False,False,False,UNKNOWN,UNKNOWN,0.0,0.0,0.0,,DUPLICATE_PAYMENT,NOT_APPLICABLE,HIGH,MANUAL_REVIEW_DUPLICATE,True,41642.41,41642.41,GW-391236,DUPLICATE_PAYMENT,0.0,False,1,307,YES,1,0.9986,1,CRITICAL,Final status is DUPLICATE_PAYMENT
TXN0482,PAY0482,DATE_MISMATCH,Bank transaction date differs from payment date by 2 days,True,False,True,POSTED,SUCCESS,2.0,0.0,0.0,2.0,SETTLEMENT_DELAY,LOW,LOW,VERIFY_SETTLEMENT_TIMING,True,90431.67,90431.67,GW-721794,MATCHED,0.0,True,1,0,YES,0,0.0332,0,LOW,No major deterministic risk factor detected
TXN0483,PAY0483,DATE_MISMATCH,Bank transaction date differs from payment date by 1 days,True,False,True,POSTED,SUCCESS,1.0,0.0,0.0,1.0,SETTLEMENT_DELAY,LOW,LOW,VERIFY_SETTLEMENT_TIMING,True,4494.48,4494.48,GW-964190,MATCHED,0.0,True,1,0,YES,0,0.0272,0,LOW,No major deterministic risk factor detected
TXN0484,PAY0484,DATE_MISMATCH,Bank transaction date differs from payment date by 10 days,True,False,True,POSTED,SUCCESS,10.0,0.0,0.0,10.0,DATE_MISMATCH,HIGH,HIGH,HIGH_PRIORITY_INVESTIGATION,True,38147.49,38147.49,GW-485026,MATCHED,0.0,True,1,0,YES,1,0.8656,1,CRITICAL,Date difference is 10 days
TXN0485,PAY0485,DATE_MISMATCH,Bank transaction date differs from payment date by 1 days,True,False,True,POSTED,SUCCESS,1.0,0.0,0.0,1.0,SETTLEMENT_DELAY,LOW,LOW,VERIFY_SETTLEMENT_TIMING,True,20810.73,20810.73,GW-390302,MATCHED,0.0,True,1,0,YES,0,0.0275,0,LOW,No major deterministic risk factor detected
TXN0486,PAY0486,DATE_MISMATCH,Bank transaction date differs from payment date by 1 days,True,False,True,POSTED,SUCCESS,1.0,0.0,0.0,1.0,SETTLEMENT_DELAY,LOW,LOW,VERIFY_SETTLEMENT_TIMING,True,8914.65,8914.65,GW-786682,MATCHED,0.0,True,1,0,YES,0,0.0273,0,LOW,No major deterministic risk factor detected
TXN0487,PAY0487,DATE_MISMATCH,Bank transaction date differs from payment date by 1 days,True,False,True,POSTED,SUCCESS,1.0,0.0,0.0,1.0,SETTLEMENT_DELAY,LOW,LOW,VERIFY_SETTLEMENT_TIMING,True,193974.68,193974.68,GW-568343,MATCHED,0.0,True,1,0,YES,0,0.0314,0,LOW,No major deterministic risk factor detected
TXN0488,PAY0488,DATE_MISMATCH,Bank transaction date differs from payment date by 2 days,True,False,True,POSTED,SUCCESS,2.0,0.0,0.0,2.0,SETTLEMENT_DELAY,LOW,LOW,VERIFY_SETTLEMENT_TIMING,True,1947.81,1947.81,GW-346646,MATCHED,0.0,True,1,0,YES,0,0.0311,0,LOW,No major deterministic risk factor detected
TXN0489,PAY0489,AMOUNT_MISMATCH,Bank reference matched a payment candidate but amounts differ,False,False,False,UNKNOWN,UNKNOWN,0.0,0.0,0.0,,AMOUNT_MISMATCH,NOT_APPLICABLE,HIGH,INVESTIGATE_AMOUNT_DIFFERENCE,True,7412.42,7362.42,GW-719475,AMOUNT_MISMATCH,0.0,True,1,0,YES,1,0.9925,1,CRITICAL,Final status is AMOUNT_MISMATCH
TXN0490,PAY0490,MATCHED,"Amount, date, payment status and ledger validation passed",True,True,True,POSTED,SUCCESS,0.0,0.0,0.0,0.0,NO_EXCEPTION,NO_DATE_EXCEPTION,LOW,AUTO_RECONCILE,False,1028.66,1028.66,GW-238789,MATCHED,0.0,True,1,0,YES,0,0.0208,0,LOW,No major deterministic risk factor detected
TXN0491,PAY0057,DUPLICATE_PAYMENT,Matching payment was already assigned to another bank transaction,False,False,False,UNKNOWN,UNKNOWN,0.0,0.0,0.0,,DUPLICATE_PAYMENT,NOT_APPLICABLE,HIGH,MANUAL_REVIEW_DUPLICATE,True,33757.57,33757.57,GW-302713,DUPLICATE_PAYMENT,0.0,False,1,434,YES,1,0.9993,1,CRITICAL,Final status is DUPLICATE_PAYMENT
TXN0492,PAY0492,MATCHED,"Amount, date, payment status and ledger validation passed",True,True,True,POSTED,SUCCESS,0.0,0.0,0.0,0.0,NO_EXCEPTION,NO_DATE_EXCEPTION,LOW,AUTO_RECONCILE,False,49323.27,49323.27,GW-939246,MATCHED,0.0,True,1,0,YES,0,0.0216,0,LOW,No major deterministic risk factor detected
TXN0493,PAY0493,PAYMENT_REFUNDED,Payment gateway status is REFUNDED,True,True,True,POSTED,REFUNDED,0.0,0.0,0.0,0.0,PAYMENT_REFUNDED,NOT_APPLICABLE,HIGH,REVIEW_REFUND,True,24159.14,24159.14,GW-267939,MATCHED,0.0,True,1,0,YES,1,0.9289,1,CRITICAL,Final status is PAYMENT_REFUNDED; Payment status is REFUNDED
TXN0494,PAY0255,DUPLICATE_PAYMENT,Matching payment was already assigned to another bank transaction,False,False,False,UNKNOWN,UNKNOWN,0.0,0.0,0.0,,DUPLICATE_PAYMENT,NOT_APPLICABLE,HIGH,MANUAL_REVIEW_DUPLICATE,True,3695.83,3695.83,GW-235427,DUPLICATE_PAYMENT,0.0,False,1,239,YES,1,0.998,1,CRITICAL,Final status is DUPLICATE_PAYMENT
TXN0495,PAY0495,DATE_MISMATCH,Bank transaction date differs from payment date by 3 days,True,False,True,POSTED,SUCCESS,3.0,0.0,0.0,3.0,DATE_MISMATCH,MEDIUM,MEDIUM,MANUAL_REVIEW,True,109427.81,109427.81,GW-369021,MATCHED,0.0,True,1,0,YES,0,0.0489,0,LOW,No major deterministic risk factor detected
TXN0496,PAY0496,DATE_MISMATCH,Bank transaction date differs from payment date by 2 days,True,False,True,POSTED,SUCCESS,2.0,0.0,0.0,2.0,SETTLEMENT_DELAY,LOW,LOW,VERIFY_SETTLEMENT_TIMING,True,130076.6,130076.6,GW-916386,MATCHED,0.0,True,1,0,YES,0,0.0342,0,LOW,No major deterministic risk factor detected
TXN0497,PAY0497,PAYMENT_FAILED,Payment gateway status is FAILED,True,True,True,POSTED,FAILED,0.0,0.0,0.0,0.0,PAYMENT_FAILED,NOT_APPLICABLE,HIGH,INVESTIGATE_FAILED_PAYMENT,True,12311.83,12311.83,GW-163469,MATCHED,0.0,True,1,0,YES,1,0.9473,1,CRITICAL,Final status is PAYMENT_FAILED; Payment status is FAILED
TXN0498,PAY0498,DATE_MISMATCH,Bank transaction date differs from payment date by 2 days,True,False,True,POSTED,SUCCESS,2.0,0.0,0.0,2.0,SETTLEMENT_DELAY,LOW,LOW,VERIFY_SETTLEMENT_TIMING,True,7091.53,7091.53,GW-352781,MATCHED,0.0,True,1,0,YES,0,0.0312,0,LOW,No major deterministic risk factor detected
TXN0499,PAY0499,MATCHED,"Amount, date, payment status and ledger validation passed",True,True,True,POSTED,SUCCESS,0.0,0.0,0.0,0.0,NO_EXCEPTION,NO_DATE_EXCEPTION,LOW,AUTO_RECONCILE,False,2997.41,2997.41,GW-649132,MATCHED,0.0,True,1,0,YES,0,0.0209,0,LOW,No major deterministic risk factor detected
TXN0500,PAY0500,MATCHED,"Amount, date, payment status and ledger validation passed",True,True,True,POSTED,SUCCESS,0.0,0.0,0.0,0.0,NO_EXCEPTION,NO_DATE_EXCEPTION,LOW,AUTO_RECONCILE,False,60358.77,60358.77,GW-612319,MATCHED,0.0,True,1,0,YES,0,0.0218,0,LOW,No major deterministic risk factor detected
